lead_id,company_id,lead_source,campaign,created_at,mql_at,sql_at
L0001,C0139,Webinar,webinar-q3,2025-05-03,,
L0002,C0212,Organic,organic-q3,2025-01-04,,
L0003,C0030,Organic,organic-q1,2025-01-18,2025-01-27,
L0004,C0102,Cold Outbound,cold-q1,2025-05-03,,
L0005,C0138,Referral,referral-q4,2026-01-06,2026-01-16,2026-02-08
L0006,C0060,Webinar,webinar-q1,2025-01-15,,
L0007,C0084,Trade Show,trade-q1,2025-09-28,,
L0008,C0180,Paid Search,paid-q4,2025-07-07,2025-07-10,
L0009,C0127,Organic,organic-q1,2026-01-14,2026-02-02,2026-02-19
L0010,C0071,Referral,referral-q1,2025-10-30,,
L0011,C0024,Trade Show,trade-q1,2025-10-07,2025-10-19,2025-10-26
L0012,C0213,Organic,organic-q2,2025-10-12,,
L0013,C0199,Organic,organic-q1,2025-12-12,2025-12-18,
L0014,C0205,Paid Search,paid-q1,2025-11-15,,
L0015,C0004,Referral,referral-q2,2025-05-11,2025-05-13,2025-05-17
L0016,C0114,Cold Outbound,cold-q1,2026-02-26,2026-03-04,2026-03-15
L0017,C0183,Paid Search,paid-q4,2025-06-14,,
L0018,C0117,Paid Search,paid-q4,2024-12-11,2024-12-16,
L0019,C0197,Cold Outbound,cold-q4,2025-10-04,,
L0020,C0087,Organic,organic-q4,2025-02-02,2025-02-07,2025-02-20
L0021,C0040,Paid Search,paid-q1,2025-01-12,2025-01-16,2025-01-22
L0022,C0034,Paid Search,paid-q3,2026-03-12,,
L0023,C0171,Paid Search,paid-q1,2025-03-05,,
L0024,C0091,Paid Search,paid-q2,2026-01-26,2026-02-12,2026-02-18
L0025,C0030,Paid Search,paid-q2,2025-07-31,,
L0026,C0197,Trade Show,trade-q3,2026-04-16,2026-04-26,
L0027,C0087,Organic,organic-q1,2025-05-18,2025-05-24,
L0028,C0037,Paid Search,paid-q1,2026-04-11,,
L0029,C0108,Organic,organic-q3,2025-02-02,2025-02-13,
L0030,C0146,Cold Outbound,cold-q1,2026-02-15,2026-02-18,
L0031,C0170,Organic,organic-q4,2025-03-04,,
L0032,C0056,Paid Search,paid-q3,2026-01-16,2026-01-27,
L0033,C0135,Paid Search,paid-q1,2025-07-01,2025-07-04,2025-07-16
L0034,C0196,Cold Outbound,cold-q3,2025-08-24,2025-08-26,
L0035,C0034,Paid Search,paid-q2,2025-04-18,,
L0036,C0207,Trade Show,trade-q1,2025-05-15,2025-05-18,
L0037,C0020,Paid Search,paid-q4,2025-06-26,,
L0038,C0107,Cold Outbound,cold-q1,2025-07-20,,
L0039,C0044,Trade Show,trade-q3,2025-01-26,2025-01-31,2025-02-21
L0040,C0080,Webinar,webinar-q2,2025-05-30,2025-06-06,2025-06-29
L0041,C0115,Cold Outbound,cold-q3,2025-06-16,2025-06-20,
L0042,C0204,Cold Outbound,cold-q1,2025-08-04,,
L0043,C0119,Webinar,webinar-q1,2025-02-04,2025-02-15,2025-02-20
L0044,C0119,Paid Search,paid-q4,2026-03-31,,
L0045,C0049,Paid Search,paid-q4,2025-06-17,,
L0046,C0116,Trade Show,trade-q3,2026-01-27,,
L0047,C0166,Webinar,webinar-q1,2025-11-17,2025-12-03,
L0048,C0157,Paid Search,paid-q3,2025-12-01,2025-12-12,
L0049,C0174,Cold Outbound,cold-q3,2026-03-20,2026-03-25,
L0050,C0065,Paid Search,paid-q3,2025-12-10,2025-12-16,
L0051,C0168,Organic,organic-q2,2025-04-06,,
L0052,C0080,Trade Show,trade-q3,2025-04-22,,
L0053,C0213,Cold Outbound,cold-q4,2026-02-06,,
L0054,C0080,Referral,referral-q2,2025-11-09,2025-11-26,2025-12-03
L0055,C0193,Paid Search,paid-q2,2025-02-07,,
L0056,C0208,Organic,organic-q2,2025-01-17,2025-02-06,
L0057,C0073,Paid Search,paid-q4,2025-04-16,,
L0058,C0206,Trade Show,trade-q3,2025-12-22,2026-01-08,
L0059,C0027,Paid Search,paid-q3,2026-01-05,2026-01-12,2026-01-31
L0060,C0213,Organic,organic-q2,2025-01-14,,
L0061,C0158,Paid Search,paid-q1,2026-05-07,2026-05-15,
L0062,C0187,Paid Search,paid-q1,2025-03-05,,
L0063,C0032,Organic,organic-q2,2026-03-25,2026-04-10,2026-04-28
L0064,C0132,Referral,referral-q2,2025-09-07,2025-09-09,2025-09-19
L0065,C0161,Cold Outbound,cold-q3,2026-01-26,2026-02-08,
L0066,C0045,Trade Show,trade-q4,2025-01-22,,
L0067,C0017,Trade Show,trade-q1,2025-01-29,2025-02-01,
L0068,C0081,Trade Show,trade-q4,2025-06-29,,
L0069,C0065,Paid Search,paid-q2,2026-04-05,2026-04-08,
L0070,C0032,Organic,organic-q4,2025-05-01,,
L0071,C0099,Cold Outbound,cold-q2,2025-05-30,,
L0072,C0205,Paid Search,paid-q1,2025-08-12,,
L0073,C0155,Webinar,webinar-q3,2025-11-09,2025-11-13,2025-11-25
L0074,C0200,Referral,referral-q3,2025-05-02,2025-05-22,2025-05-29
L0075,C0067,Organic,organic-q2,2025-02-10,,
L0076,C0126,Organic,organic-q1,2025-10-20,2025-10-24,2025-11-18
L0077,C0095,Paid Search,paid-q2,2025-01-19,,
L0078,C0080,Webinar,webinar-q4,2025-03-31,2025-04-15,
L0079,C0082,Webinar,webinar-q4,2026-02-26,2026-03-16,2026-04-05
L0080,C0034,Webinar,webinar-q1,2025-02-23,,
L0081,C0078,Paid Search,paid-q2,2025-11-25,2025-12-04,
L0082,C0073,Trade Show,trade-q3,2026-02-21,2026-03-12,2026-04-04
L0083,C0129,Paid Search,paid-q2,2025-11-21,2025-12-03,
L0084,C0212,Paid Search,paid-q1,2026-04-13,2026-05-03,2026-05-12
L0085,C0164,Paid Search,paid-q4,2026-04-11,,
L0086,C0165,Paid Search,paid-q4,2025-07-07,2025-07-21,2025-07-26
L0087,C0107,Webinar,webinar-q4,2025-01-02,2025-01-08,2025-02-02
L0088,C0041,Organic,organic-q3,2025-06-11,2025-06-18,
L0089,C0128,Paid Search,paid-q4,2025-07-01,2025-07-15,
L0090,C0056,Trade Show,trade-q1,2025-05-16,2025-06-02,
L0091,C0173,Trade Show,trade-q3,2025-01-16,2025-01-21,
L0092,C0187,Trade Show,trade-q4,2025-05-03,2025-05-17,2025-06-06
L0093,C0183,Referral,referral-q4,2025-06-05,2025-06-11,2025-06-30
L0094,C0168,Paid Search,paid-q1,2025-09-21,,
L0095,C0162,Webinar,webinar-q2,2025-04-18,,
L0096,C0147,Organic,organic-q2,2026-01-20,2026-02-01,2026-02-17
L0097,C0199,Paid Search,paid-q1,2025-01-15,,
L0098,C0144,Paid Search,paid-q4,2025-06-14,,
L0099,C0045,Organic,organic-q3,2025-01-27,,
L0100,C0185,Cold Outbound,cold-q4,2025-08-15,2025-08-24,2025-09-05
L0101,C0123,Organic,organic-q2,2025-10-05,,
L0102,C0144,Organic,organic-q2,2025-08-07,2025-08-27,2025-08-31
L0103,C0164,Paid Search,paid-q1,2025-09-16,2025-09-28,
L0104,C0198,Webinar,webinar-q1,2025-12-23,,
L0105,C0041,Trade Show,trade-q4,2025-03-22,2025-03-30,
L0106,C0074,Organic,organic-q1,2026-03-13,,
L0107,C0190,Organic,organic-q2,2026-04-04,2026-04-11,
L0108,C0215,Referral,referral-q4,2025-04-01,2025-04-12,
L0109,C0146,Referral,referral-q3,2026-01-23,2026-02-11,2026-02-18
L0110,C0050,Paid Search,paid-q3,2026-01-17,2026-02-02,
L0111,C0004,Cold Outbound,cold-q3,2025-06-01,,
L0112,C0045,Cold Outbound,cold-q4,2025-03-23,,
L0113,C0172,Webinar,webinar-q2,2026-02-04,,
L0114,C0064,Paid Search,paid-q3,2026-05-06,2026-05-22,
L0115,C0078,Trade Show,trade-q3,2026-05-01,,
L0116,C0016,Cold Outbound,cold-q4,2026-01-11,2026-01-25,
L0117,C0181,Trade Show,trade-q1,2025-06-28,,
L0118,C0095,Trade Show,trade-q2,2025-09-28,,
L0119,C0117,Paid Search,paid-q4,2025-04-25,,
L0120,C0194,Trade Show,trade-q2,2025-10-01,,
L0121,C0202,Paid Search,paid-q4,2026-02-18,,
L0122,C0145,Paid Search,paid-q1,2026-01-18,,
L0123,C0052,Trade Show,trade-q2,2025-12-10,2025-12-28,
L0124,C0184,Cold Outbound,cold-q1,2024-12-28,,
L0125,C0015,Paid Search,paid-q2,2025-02-02,,
L0126,C0015,Paid Search,paid-q3,2025-01-24,,
L0127,C0210,Paid Search,paid-q2,2026-05-09,,
L0128,C0089,Referral,referral-q1,2026-03-08,,
L0129,C0121,Webinar,webinar-q3,2026-04-10,2026-04-16,
L0130,C0166,Trade Show,trade-q3,2025-03-08,,
L0131,C0097,Paid Search,paid-q1,2025-04-23,,
L0132,C0139,Cold Outbound,cold-q3,2025-12-27,2026-01-15,
L0133,C0058,Webinar,webinar-q1,2026-05-09,,
L0134,C0185,Paid Search,paid-q4,2025-03-04,,
L0135,C0089,Organic,organic-q3,2025-12-05,2025-12-10,2026-01-03
L0136,C0037,Organic,organic-q4,2025-09-28,2025-10-01,
L0137,C0189,Paid Search,paid-q4,2025-11-14,,
L0138,C0089,Referral,referral-q3,2025-04-17,2025-05-02,2025-05-17
L0139,C0173,Organic,organic-q1,2026-04-02,2026-04-22,
L0140,C0123,Paid Search,paid-q3,2025-10-11,2025-10-13,2025-10-22
L0141,C0194,Webinar,webinar-q2,2025-01-07,,
L0142,C0102,Cold Outbound,cold-q3,2025-09-09,,
L0143,C0137,Paid Search,paid-q3,2025-05-10,2025-05-28,
L0144,C0206,Paid Search,paid-q3,2025-01-17,,
L0145,C0106,Paid Search,paid-q2,2026-03-27,,
L0146,C0142,Referral,referral-q3,2025-03-11,2025-03-23,2025-04-13
L0147,C0168,Paid Search,paid-q3,2025-06-01,,
L0148,C0186,Paid Search,paid-q4,2024-12-26,2025-01-08,2025-01-28
L0149,C0139,Trade Show,trade-q1,2026-03-13,,
L0150,C0210,Webinar,webinar-q1,2026-03-24,2026-04-02,2026-04-09
L0151,C0062,Paid Search,paid-q3,2025-10-28,,
L0152,C0102,Organic,organic-q3,2026-02-21,,
L0153,C0063,Paid Search,paid-q3,2025-09-23,,
L0154,C0168,Trade Show,trade-q1,2026-04-10,2026-04-24,
L0155,C0003,Referral,referral-q1,2025-11-18,2025-12-03,2025-12-16
L0156,C0211,Trade Show,trade-q1,2025-03-31,2025-04-20,2025-05-05
L0157,C0099,Paid Search,paid-q1,2025-12-20,,
L0158,C0014,Trade Show,trade-q4,2026-02-01,2026-02-05,
L0159,C0153,Cold Outbound,cold-q3,2025-04-01,2025-04-11,
L0160,C0059,Paid Search,paid-q4,2025-05-13,2025-06-02,
L0161,C0159,Webinar,webinar-q2,2025-07-14,,
L0162,C0040,Webinar,webinar-q2,2025-04-18,,
L0163,C0028,Organic,organic-q1,2026-02-08,,
L0164,C0195,Paid Search,paid-q1,2025-08-09,2025-08-16,
L0165,C0132,Paid Search,paid-q1,2025-03-21,2025-04-03,
L0166,C0201,Paid Search,paid-q4,2025-06-14,2025-06-29,
L0167,C0144,Webinar,webinar-q2,2025-09-06,,
L0168,C0069,Webinar,webinar-q3,2025-07-08,2025-07-12,2025-07-23
L0169,C0111,Paid Search,paid-q3,2025-12-24,2026-01-01,
L0170,C0102,Webinar,webinar-q3,2025-06-20,,
L0171,C0148,Cold Outbound,cold-q3,2025-09-06,,
L0172,C0101,Trade Show,trade-q1,2025-05-04,,
L0173,C0140,Organic,organic-q1,2025-11-09,,
L0174,C0182,Paid Search,paid-q4,2025-10-10,,
L0175,C0018,Trade Show,trade-q4,2025-03-20,2025-03-31,2025-04-24
L0176,C0174,Trade Show,trade-q3,2025-03-29,,
L0177,C0003,Paid Search,paid-q3,2026-02-01,2026-02-19,
L0178,C0057,Cold Outbound,cold-q3,2025-02-10,,
L0179,C0151,Cold Outbound,cold-q2,2024-12-16,,
L0180,C0027,Referral,referral-q4,2025-07-14,,
L0181,C0213,Webinar,webinar-q3,2025-12-18,2026-01-03,
L0182,C0090,Paid Search,paid-q1,2025-01-10,2025-01-26,
L0183,C0208,Organic,organic-q1,2026-01-15,,
L0184,C0174,Cold Outbound,cold-q2,2025-11-25,,
L0185,C0085,Paid Search,paid-q4,2025-03-02,2025-03-16,
L0186,C0169,Webinar,webinar-q4,2025-02-24,2025-03-04,2025-03-20
L0187,C0101,Paid Search,paid-q3,2026-01-16,2026-02-01,
L0188,C0181,Trade Show,trade-q1,2025-07-12,,
L0189,C0062,Organic,organic-q1,2025-07-04,2025-07-10,
L0190,C0036,Paid Search,paid-q4,2025-04-15,2025-05-04,
L0191,C0045,Cold Outbound,cold-q4,2025-11-23,2025-11-30,
L0192,C0014,Paid Search,paid-q1,2025-05-10,,
L0193,C0099,Organic,organic-q4,2024-12-11,2024-12-28,2025-01-14
L0194,C0090,Paid Search,paid-q4,2026-02-12,,
L0195,C0208,Webinar,webinar-q2,2025-09-12,,
L0196,C0090,Paid Search,paid-q2,2025-02-28,,
L0197,C0209,Cold Outbound,cold-q1,2025-10-13,,
L0198,C0153,Paid Search,paid-q3,2025-11-21,,
L0199,C0147,Organic,organic-q1,2025-08-12,2025-08-27,
L0200,C0168,Trade Show,trade-q2,2026-01-03,2026-01-15,
L0201,C0174,Cold Outbound,cold-q4,2025-04-05,2025-04-15,
L0202,C0020,Paid Search,paid-q4,2026-02-06,,
L0203,C0095,Organic,organic-q4,2025-02-01,2025-02-03,
L0204,C0024,Trade Show,trade-q3,2025-01-28,,
L0205,C0102,Trade Show,trade-q4,2025-10-01,,
L0206,C0083,Paid Search,paid-q3,2025-07-26,,
L0207,C0219,Webinar,webinar-q3,2025-01-01,,
L0208,C0012,Cold Outbound,cold-q4,2026-01-31,2026-02-07,
L0209,C0110,Referral,referral-q2,2025-10-17,,
L0210,C0071,Organic,organic-q3,2026-02-06,2026-02-19,
L0211,C0014,Cold Outbound,cold-q3,2025-04-02,,
L0212,C0110,Cold Outbound,cold-q1,2026-02-08,2026-02-25,2026-03-18
L0213,C0036,Trade Show,trade-q2,2025-04-16,,
L0214,C0018,Cold Outbound,cold-q2,2026-05-04,,
L0215,C0161,Cold Outbound,cold-q4,2025-12-08,,
L0216,C0056,Paid Search,paid-q1,2026-02-13,2026-02-18,
L0217,C0110,Paid Search,paid-q2,2025-06-24,2025-06-28,2025-07-20
L0218,C0200,Paid Search,paid-q3,2026-04-15,2026-05-03,2026-05-18
L0219,C0004,Paid Search,paid-q2,2025-08-17,2025-08-20,
L0220,C0074,Paid Search,paid-q4,2024-12-15,2024-12-29,2025-01-18
L0221,C0022,Webinar,webinar-q1,2025-06-29,2025-07-07,
L0222,C0084,Webinar,webinar-q1,2025-04-07,2025-04-22,
L0223,C0015,Trade Show,trade-q1,2025-09-04,,
L0224,C0157,Webinar,webinar-q3,2026-03-17,,
L0225,C0045,Cold Outbound,cold-q1,2026-01-10,,
L0226,C0042,Cold Outbound,cold-q3,2024-12-20,,
L0227,C0185,Cold Outbound,cold-q2,2025-08-20,,
L0228,C0069,Cold Outbound,cold-q1,2026-01-12,2026-01-27,2026-02-01
L0229,C0220,Trade Show,trade-q4,2026-04-06,2026-04-15,
L0230,C0070,Cold Outbound,cold-q3,2026-02-22,2026-02-25,2026-03-16
L0231,C0018,Trade Show,trade-q3,2025-01-21,,
L0232,C0023,Organic,organic-q1,2025-01-30,2025-02-10,
L0233,C0160,Organic,organic-q4,2025-09-06,2025-09-23,
L0234,C0188,Cold Outbound,cold-q2,2025-09-03,2025-09-18,2025-10-08
L0235,C0003,Trade Show,trade-q1,2025-06-03,,
L0236,C0189,Paid Search,paid-q1,2025-07-02,2025-07-11,
L0237,C0037,Trade Show,trade-q1,2025-07-30,2025-08-08,
L0238,C0180,Paid Search,paid-q4,2025-04-26,,
L0239,C0025,Webinar,webinar-q2,2024-12-11,,
L0240,C0152,Paid Search,paid-q4,2026-03-10,,
L0241,C0075,Webinar,webinar-q3,2025-08-18,,
L0242,C0213,Paid Search,paid-q3,2025-06-12,2025-06-21,2025-06-30
L0243,C0214,Referral,referral-q2,2025-06-11,2025-06-20,
L0244,C0013,Paid Search,paid-q3,2025-07-10,,
L0245,C0104,Webinar,webinar-q2,2025-02-03,2025-02-08,
L0246,C0004,Webinar,webinar-q2,2026-03-10,2026-03-24,2026-04-16
L0247,C0151,Webinar,webinar-q1,2025-08-20,2025-08-24,2025-09-16
L0248,C0039,Paid Search,paid-q2,2026-04-07,,
L0249,C0141,Paid Search,paid-q1,2025-01-07,2025-01-21,2025-01-30
L0250,C0064,Trade Show,trade-q4,2026-04-23,,
L0251,C0140,Paid Search,paid-q3,2025-01-01,,
L0252,C0100,Paid Search,paid-q2,2025-08-09,2025-08-18,2025-08-29
L0253,C0189,Organic,organic-q1,2025-05-10,,
L0254,C0146,Paid Search,paid-q2,2025-12-18,,
L0255,C0127,Trade Show,trade-q2,2025-06-30,2025-07-04,2025-07-26
L0256,C0170,Paid Search,paid-q1,2025-04-02,2025-04-14,2025-04-22
L0257,C0164,Paid Search,paid-q3,2024-12-30,2025-01-18,
L0258,C0202,Trade Show,trade-q2,2025-05-12,,
L0259,C0097,Trade Show,trade-q3,2025-07-02,2025-07-04,
L0260,C0101,Trade Show,trade-q2,2026-04-09,,
L0261,C0157,Trade Show,trade-q1,2025-09-28,,
L0262,C0191,Webinar,webinar-q2,2026-02-22,2026-03-06,2026-03-11
L0263,C0187,Cold Outbound,cold-q4,2025-06-03,2025-06-11,2025-06-16
L0264,C0185,Cold Outbound,cold-q1,2026-05-11,,
L0265,C0043,Cold Outbound,cold-q4,2025-03-15,,
L0266,C0097,Paid Search,paid-q4,2026-01-29,,
L0267,C0195,Paid Search,paid-q2,2025-09-24,2025-09-27,2025-10-10
L0268,C0043,Trade Show,trade-q2,2025-02-22,2025-03-06,2025-03-15
L0269,C0187,Paid Search,paid-q3,2025-08-14,2025-08-19,2025-09-09
L0270,C0014,Paid Search,paid-q1,2025-05-08,2025-05-19,
L0271,C0123,Cold Outbound,cold-q1,2025-10-20,2025-10-27,
L0272,C0122,Trade Show,trade-q3,2026-01-14,,
L0273,C0170,Paid Search,paid-q1,2025-08-14,,
L0274,C0095,Paid Search,paid-q3,2025-04-17,2025-04-20,2025-05-07
L0275,C0219,Webinar,webinar-q2,2026-04-07,2026-04-23,2026-05-01
L0276,C0033,Trade Show,trade-q4,2026-03-30,2026-04-14,2026-05-07
L0277,C0068,Trade Show,trade-q4,2025-04-15,,
L0278,C0045,Paid Search,paid-q4,2025-08-03,2025-08-17,2025-08-30
L0279,C0122,Referral,referral-q3,2025-08-10,2025-08-21,2025-09-08
L0280,C0059,Cold Outbound,cold-q3,2025-12-26,,
L0281,C0212,Paid Search,paid-q3,2025-06-18,,
L0282,C0023,Paid Search,paid-q4,2025-11-01,2025-11-16,
L0283,C0096,Cold Outbound,cold-q2,2026-03-16,2026-04-03,
L0284,C0135,Cold Outbound,cold-q2,2026-04-13,2026-04-21,
L0285,C0117,Organic,organic-q3,2026-03-22,,
L0286,C0211,Organic,organic-q4,2025-01-22,,
L0287,C0008,Webinar,webinar-q3,2025-09-07,2025-09-23,2025-10-11
L0288,C0042,Paid Search,paid-q1,2025-08-21,2025-09-04,2025-09-25
L0289,C0057,Organic,organic-q2,2025-09-24,2025-10-09,
L0290,C0197,Trade Show,trade-q4,2026-05-03,,
L0291,C0154,Cold Outbound,cold-q2,2026-05-04,2026-05-15,
L0292,C0071,Cold Outbound,cold-q4,2025-03-05,,
L0293,C0056,Paid Search,paid-q3,2025-01-20,,
L0294,C0102,Trade Show,trade-q1,2026-01-28,2026-02-10,
L0295,C0073,Paid Search,paid-q1,2025-07-11,,
L0296,C0071,Organic,organic-q3,2025-06-14,2025-06-25,2025-07-14
L0297,C0207,Trade Show,trade-q3,2025-03-25,,
L0298,C0168,Cold Outbound,cold-q3,2024-12-19,2025-01-03,
L0299,C0150,Cold Outbound,cold-q3,2025-10-30,,
L0300,C0137,Organic,organic-q3,2025-01-10,2025-01-17,
L0301,C0047,Trade Show,trade-q1,2025-07-16,2025-07-26,
L0302,C0047,Paid Search,paid-q1,2025-06-03,2025-06-12,
L0303,C0202,Organic,organic-q3,2025-06-07,2025-06-18,
L0304,C0014,Webinar,webinar-q4,2026-03-01,,
L0305,C0175,Paid Search,paid-q3,2025-04-17,2025-04-23,2025-05-02
L0306,C0118,Trade Show,trade-q3,2025-12-17,,
L0307,C0021,Webinar,webinar-q3,2024-12-29,,
L0308,C0163,Webinar,webinar-q1,2026-03-14,2026-03-22,
L0309,C0196,Webinar,webinar-q4,2025-12-01,,
L0310,C0034,Cold Outbound,cold-q4,2025-02-22,,
L0311,C0099,Trade Show,trade-q1,2026-05-08,2026-05-21,
L0312,C0194,Trade Show,trade-q1,2025-10-29,,
L0313,C0064,Cold Outbound,cold-q3,2025-09-23,2025-09-28,
L0314,C0043,Paid Search,paid-q1,2026-03-07,2026-03-18,
L0315,C0135,Paid Search,paid-q4,2025-06-01,,
L0316,C0088,Trade Show,trade-q3,2024-12-27,,
L0317,C0208,Webinar,webinar-q1,2025-03-25,2025-03-31,2025-04-03
L0318,C0094,Webinar,webinar-q4,2026-04-04,,
L0319,C0137,Organic,organic-q1,2026-03-24,,
L0320,C0006,Cold Outbound,cold-q1,2026-03-24,,
L0321,C0141,Paid Search,paid-q4,2025-08-27,,
L0322,C0176,Organic,organic-q3,2026-05-03,2026-05-08,
L0323,C0156,Organic,organic-q4,2025-12-23,,
L0324,C0185,Webinar,webinar-q3,2026-01-12,2026-01-17,2026-02-08
L0325,C0186,Paid Search,paid-q3,2026-01-29,,
L0326,C0076,Paid Search,paid-q4,2025-08-15,2025-08-22,
L0327,C0093,Trade Show,trade-q4,2025-06-26,,
L0328,C0195,Webinar,webinar-q1,2026-03-27,,
L0329,C0044,Cold Outbound,cold-q3,2025-06-10,,
L0330,C0069,Trade Show,trade-q3,2026-02-06,,
L0331,C0103,Webinar,webinar-q4,2025-03-29,2025-04-12,
L0332,C0108,Paid Search,paid-q1,2025-11-23,2025-11-26,
L0333,C0027,Trade Show,trade-q4,2025-03-12,,
L0334,C0047,Cold Outbound,cold-q3,2025-04-19,,
L0335,C0215,Trade Show,trade-q4,2025-12-30,,
L0336,C0106,Webinar,webinar-q1,2025-02-15,2025-02-27,2025-03-23
L0337,C0072,Organic,organic-q2,2026-03-22,,
L0338,C0210,Paid Search,paid-q1,2025-09-14,2025-10-04,
L0339,C0115,Trade Show,trade-q1,2025-06-23,,
L0340,C0005,Cold Outbound,cold-q4,2026-01-27,,
L0341,C0001,Paid Search,paid-q3,2026-02-08,,
L0342,C0168,Paid Search,paid-q3,2025-01-30,2025-02-02,
L0343,C0085,Trade Show,trade-q3,2025-01-13,,
L0344,C0195,Webinar,webinar-q1,2025-09-27,2025-10-08,2025-10-22
L0345,C0043,Referral,referral-q2,2024-12-24,,
L0346,C0105,Cold Outbound,cold-q3,2026-01-23,,
L0347,C0219,Webinar,webinar-q2,2025-04-05,2025-04-13,
L0348,C0107,Webinar,webinar-q1,2026-03-26,,
L0349,C0169,Paid Search,paid-q2,2024-12-12,,
L0350,C0189,Referral,referral-q4,2026-03-24,,
L0351,C0131,Paid Search,paid-q2,2025-11-12,,
L0352,C0100,Webinar,webinar-q4,2025-06-17,2025-06-26,2025-07-09
L0353,C0035,Paid Search,paid-q4,2025-12-22,,
L0354,C0132,Trade Show,trade-q3,2025-07-10,,
L0355,C0162,Trade Show,trade-q2,2025-10-02,2025-10-13,
L0356,C0034,Trade Show,trade-q3,2025-11-11,,
L0357,C0144,Cold Outbound,cold-q4,2025-01-06,,
L0358,C0137,Trade Show,trade-q4,2025-07-24,,
L0359,C0007,Paid Search,paid-q2,2025-04-17,2025-04-20,2025-04-28
L0360,C0038,Cold Outbound,cold-q3,2026-03-10,2026-03-29,2026-04-15
L0361,C0052,Cold Outbound,cold-q2,2025-02-13,,
L0362,C0166,Cold Outbound,cold-q2,2025-05-01,,
L0363,C0076,Trade Show,trade-q2,2025-02-07,,
L0364,C0045,Webinar,webinar-q4,2026-01-10,2026-01-20,
L0365,C0150,Webinar,webinar-q1,2025-08-24,2025-08-30,2025-09-12
L0366,C0161,Cold Outbound,cold-q4,2025-07-08,,
L0367,C0019,Paid Search,paid-q2,2025-06-21,,
L0368,C0202,Paid Search,paid-q2,2024-12-11,2024-12-30,
L0369,C0055,Paid Search,paid-q3,2025-06-07,2025-06-15,
L0370,C0122,Paid Search,paid-q1,2026-05-03,,
L0371,C0165,Paid Search,paid-q1,2025-09-05,,
L0372,C0204,Organic,organic-q4,2026-01-16,2026-01-27,2026-02-15
L0373,C0206,Paid Search,paid-q4,2024-12-08,,
L0374,C0167,Organic,organic-q3,2025-10-27,2025-11-01,2025-11-21
L0375,C0054,Cold Outbound,cold-q4,2025-10-06,,
L0376,C0213,Organic,organic-q1,2025-02-21,,
L0377,C0118,Webinar,webinar-q1,2025-06-07,2025-06-10,2025-06-21
L0378,C0059,Paid Search,paid-q4,2025-08-21,2025-09-04,
L0379,C0173,Referral,referral-q1,2026-01-11,2026-01-15,
L0380,C0180,Paid Search,paid-q3,2026-02-27,,
L0381,C0202,Webinar,webinar-q1,2025-07-08,2025-07-24,2025-08-17
L0382,C0022,Paid Search,paid-q2,2025-07-04,,
L0383,C0089,Trade Show,trade-q4,2025-10-08,,
L0384,C0037,Trade Show,trade-q2,2025-11-29,2025-12-09,2025-12-17
L0385,C0014,Paid Search,paid-q1,2025-01-25,2025-01-29,2025-02-07
L0386,C0085,Paid Search,paid-q2,2025-05-12,,
L0387,C0073,Organic,organic-q2,2026-03-02,2026-03-18,2026-04-11
L0388,C0125,Cold Outbound,cold-q2,2026-01-21,,
L0389,C0072,Webinar,webinar-q2,2025-12-20,2025-12-24,
L0390,C0218,Trade Show,trade-q1,2024-12-09,,
L0391,C0197,Paid Search,paid-q1,2025-10-07,,
L0392,C0139,Paid Search,paid-q2,2025-01-14,2025-01-23,
L0393,C0220,Paid Search,paid-q2,2025-07-19,,
L0394,C0102,Paid Search,paid-q1,2025-05-05,,
L0395,C0207,Trade Show,trade-q2,2025-11-24,2025-12-01,
L0396,C0038,Paid Search,paid-q3,2025-01-02,2025-01-19,2025-01-30
L0397,C0053,Referral,referral-q4,2025-05-08,2025-05-24,
L0398,C0167,Referral,referral-q1,2025-06-15,2025-07-03,2025-07-14
L0399,C0140,Organic,organic-q4,2025-11-15,,
L0400,C0168,Paid Search,paid-q3,2026-02-22,2026-03-03,
L0401,C0089,Paid Search,paid-q4,2024-12-30,,
L0402,C0036,Referral,referral-q2,2025-02-16,2025-03-06,2025-03-15
L0403,C0047,Webinar,webinar-q1,2025-03-23,,
L0404,C0211,Cold Outbound,cold-q1,2025-07-26,2025-08-12,
L0405,C0213,Webinar,webinar-q2,2025-03-18,,
L0406,C0047,Trade Show,trade-q2,2025-08-15,,
L0407,C0117,Organic,organic-q2,2026-03-03,2026-03-09,2026-03-18
L0408,C0176,Trade Show,trade-q2,2025-03-09,,
L0409,C0158,Webinar,webinar-q1,2026-04-03,2026-04-09,
L0410,C0001,Paid Search,paid-q4,2025-02-25,2025-02-28,
L0411,C0206,Paid Search,paid-q4,2025-01-04,2025-01-24,2025-01-31
L0412,C0105,Trade Show,trade-q1,2025-05-07,2025-05-27,2025-06-16
L0413,C0071,Paid Search,paid-q2,2025-04-01,2025-04-20,
L0414,C0143,Paid Search,paid-q3,2025-01-02,,
L0415,C0199,Paid Search,paid-q2,2025-03-31,,
L0416,C0192,Cold Outbound,cold-q4,2025-09-19,,
L0417,C0026,Trade Show,trade-q4,2025-10-05,,
L0418,C0158,Trade Show,trade-q2,2026-03-20,2026-03-22,
L0419,C0121,Trade Show,trade-q1,2025-02-21,2025-03-02,
L0420,C0186,Paid Search,paid-q4,2025-04-14,,
L0421,C0183,Paid Search,paid-q2,2026-03-15,,
L0422,C0052,Paid Search,paid-q2,2025-07-24,2025-08-11,
L0423,C0044,Organic,organic-q3,2026-04-06,2026-04-08,
L0424,C0071,Webinar,webinar-q3,2025-03-29,,
L0425,C0052,Paid Search,paid-q1,2026-04-27,,
L0426,C0186,Paid Search,paid-q3,2025-05-21,,
L0427,C0156,Organic,organic-q4,2025-10-25,,
L0428,C0067,Paid Search,paid-q4,2025-11-14,,
L0429,C0129,Paid Search,paid-q3,2025-07-15,,
L0430,C0066,Trade Show,trade-q4,2025-08-29,,
L0431,C0198,Paid Search,paid-q3,2025-09-05,,
L0432,C0118,Paid Search,paid-q4,2026-04-14,2026-04-18,
L0433,C0057,Trade Show,trade-q3,2025-09-19,2025-10-02,
L0434,C0214,Referral,referral-q2,2025-08-16,2025-08-30,2025-09-12
L0435,C0040,Paid Search,paid-q1,2026-01-23,,
L0436,C0170,Cold Outbound,cold-q1,2024-12-24,,
L0437,C0011,Paid Search,paid-q3,2025-01-04,,
L0438,C0148,Paid Search,paid-q4,2025-08-04,2025-08-22,2025-09-01
L0439,C0135,Webinar,webinar-q4,2025-03-05,,
L0440,C0089,Referral,referral-q2,2025-04-04,2025-04-09,2025-04-26
L0441,C0109,Webinar,webinar-q4,2025-10-09,,
L0442,C0219,Paid Search,paid-q3,2025-03-28,2025-04-17,2025-05-08
L0443,C0185,Trade Show,trade-q2,2025-08-09,2025-08-23,2025-08-30
L0444,C0108,Referral,referral-q2,2024-12-17,,
L0445,C0133,Trade Show,trade-q4,2025-06-23,2025-07-12,
L0446,C0026,Referral,referral-q1,2025-11-26,2025-12-06,2025-12-29
L0447,C0087,Cold Outbound,cold-q4,2025-03-07,,
L0448,C0042,Webinar,webinar-q2,2025-05-26,2025-06-06,
L0449,C0102,Paid Search,paid-q4,2025-08-08,,
L0450,C0192,Trade Show,trade-q4,2025-02-05,2025-02-07,2025-02-17
L0451,C0180,Trade Show,trade-q2,2026-02-20,2026-02-25,2026-03-15
L0452,C0102,Referral,referral-q1,2026-02-16,2026-02-22,2026-03-09
L0453,C0059,Paid Search,paid-q4,2026-02-10,2026-02-25,2026-03-09
L0454,C0064,Paid Search,paid-q4,2025-11-26,,
L0455,C0021,Organic,organic-q2,2025-03-06,2025-03-16,2025-04-05
L0456,C0219,Paid Search,paid-q2,2026-03-03,2026-03-08,
L0457,C0070,Paid Search,paid-q2,2024-12-25,2024-12-31,2025-01-20
L0458,C0101,Organic,organic-q4,2026-02-28,2026-03-10,
L0459,C0032,Trade Show,trade-q4,2025-08-31,,
L0460,C0189,Paid Search,paid-q2,2026-04-08,,
L0461,C0134,Cold Outbound,cold-q4,2025-10-11,,
L0462,C0083,Trade Show,trade-q1,2025-12-01,,
L0463,C0032,Paid Search,paid-q4,2025-08-26,,
L0464,C0014,Organic,organic-q1,2025-10-01,2025-10-16,2025-10-24
L0465,C0102,Paid Search,paid-q1,2025-09-06,,
L0466,C0177,Paid Search,paid-q2,2025-01-11,2025-01-15,2025-02-02
L0467,C0097,Referral,referral-q2,2025-05-11,2025-05-14,2025-05-31
L0468,C0098,Cold Outbound,cold-q1,2025-11-04,,
L0469,C0159,Paid Search,paid-q3,2025-09-10,,
L0470,C0138,Cold Outbound,cold-q2,2025-04-11,,
L0471,C0142,Paid Search,paid-q3,2025-12-06,2025-12-18,2026-01-06
L0472,C0034,Referral,referral-q1,2025-11-11,2025-11-28,2025-12-02
L0473,C0107,Paid Search,paid-q1,2025-04-30,,
L0474,C0011,Organic,organic-q3,2026-03-01,2026-03-09,
L0475,C0186,Webinar,webinar-q4,2025-09-18,2025-10-06,
L0476,C0046,Paid Search,paid-q1,2025-03-13,,
L0477,C0173,Paid Search,paid-q4,2025-01-28,,
L0478,C0047,Webinar,webinar-q3,2025-03-27,,
L0479,C0154,Paid Search,paid-q3,2025-02-13,,
L0480,C0084,Paid Search,paid-q4,2025-04-27,,
L0481,C0186,Paid Search,paid-q2,2025-06-15,,
L0482,C0197,Organic,organic-q3,2025-08-25,,
L0483,C0102,Paid Search,paid-q1,2026-05-12,,
L0484,C0133,Paid Search,paid-q3,2025-12-25,2026-01-03,2026-01-16
L0485,C0056,Paid Search,paid-q3,2026-02-22,,
L0486,C0212,Webinar,webinar-q3,2026-02-04,2026-02-24,2026-02-28
L0487,C0210,Organic,organic-q4,2025-02-22,,
L0488,C0198,Webinar,webinar-q1,2025-09-22,,
L0489,C0014,Cold Outbound,cold-q1,2025-07-04,2025-07-24,2025-08-12
L0490,C0173,Webinar,webinar-q4,2025-04-05,,
L0491,C0024,Paid Search,paid-q4,2025-09-27,2025-10-11,2025-10-24
L0492,C0049,Paid Search,paid-q3,2025-06-18,,
L0493,C0079,Referral,referral-q3,2025-11-20,2025-12-06,2025-12-23
L0494,C0006,Paid Search,paid-q2,2025-06-07,,
L0495,C0140,Organic,organic-q4,2025-08-21,,
L0496,C0178,Trade Show,trade-q4,2026-04-24,,
L0497,C0012,Cold Outbound,cold-q2,2025-08-24,2025-09-01,
L0498,C0014,Paid Search,paid-q1,2025-01-21,2025-01-31,
L0499,C0093,Trade Show,trade-q1,2026-01-22,2026-02-05,2026-02-20
L0500,C0081,Cold Outbound,cold-q1,2025-01-01,2025-01-19,
L0501,C0183,Paid Search,paid-q1,2026-04-20,2026-05-08,
L0502,C0191,Paid Search,paid-q1,2025-12-03,2025-12-16,
L0503,C0129,Organic,organic-q1,2025-08-03,,
L0504,C0209,Trade Show,trade-q3,2026-04-12,2026-04-24,
L0505,C0023,Cold Outbound,cold-q2,2025-04-16,,
L0506,C0110,Paid Search,paid-q3,2025-06-27,2025-07-03,2025-07-10
L0507,C0052,Cold Outbound,cold-q3,2025-12-22,,
L0508,C0035,Trade Show,trade-q2,2025-02-26,,
L0509,C0041,Paid Search,paid-q1,2025-06-21,,
L0510,C0031,Trade Show,trade-q3,2025-11-05,,
L0511,C0008,Webinar,webinar-q4,2025-06-20,,
L0512,C0191,Organic,organic-q2,2025-08-05,,
L0513,C0048,Webinar,webinar-q3,2026-04-16,,
L0514,C0153,Paid Search,paid-q2,2025-09-17,,
L0515,C0177,Paid Search,paid-q2,2025-01-09,,
L0516,C0183,Paid Search,paid-q2,2025-04-25,,
L0517,C0036,Paid Search,paid-q2,2025-11-26,2025-12-11,
L0518,C0070,Referral,referral-q2,2025-03-16,2025-03-24,
L0519,C0113,Referral,referral-q3,2024-12-27,,
L0520,C0110,Trade Show,trade-q1,2025-03-24,,
L0521,C0185,Trade Show,trade-q4,2025-06-26,,
L0522,C0153,Cold Outbound,cold-q1,2026-04-03,,
L0523,C0011,Trade Show,trade-q4,2025-09-03,,
L0524,C0100,Referral,referral-q2,2026-03-23,2026-04-06,
L0525,C0074,Cold Outbound,cold-q2,2025-01-25,,
L0526,C0014,Paid Search,paid-q4,2025-12-18,,
L0527,C0185,Paid Search,paid-q1,2024-12-16,2025-01-05,
L0528,C0035,Cold Outbound,cold-q4,2025-04-05,2025-04-07,2025-04-28
L0529,C0117,Trade Show,trade-q3,2026-02-09,2026-02-16,
L0530,C0030,Webinar,webinar-q3,2025-02-06,2025-02-20,
L0531,C0157,Trade Show,trade-q4,2025-11-30,2025-12-03,
L0532,C0145,Trade Show,trade-q2,2025-12-10,,
L0533,C0183,Webinar,webinar-q4,2026-03-21,2026-04-06,2026-04-14
L0534,C0015,Webinar,webinar-q1,2025-05-20,2025-05-23,
L0535,C0077,Trade Show,trade-q1,2025-06-07,2025-06-22,
L0536,C0073,Webinar,webinar-q4,2025-11-12,,
L0537,C0010,Paid Search,paid-q3,2026-02-06,2026-02-20,
L0538,C0216,Cold Outbound,cold-q3,2026-03-07,,
L0539,C0071,Webinar,webinar-q4,2025-06-09,2025-06-17,
L0540,C0187,Webinar,webinar-q4,2026-02-12,,
L0541,C0202,Paid Search,paid-q4,2025-07-22,,
L0542,C0135,Organic,organic-q2,2025-05-15,,
L0543,C0187,Paid Search,paid-q4,2024-12-19,,
L0544,C0060,Trade Show,trade-q2,2025-07-19,2025-07-21,
L0545,C0189,Trade Show,trade-q4,2025-10-12,2025-10-24,
L0546,C0055,Trade Show,trade-q2,2026-05-01,,
L0547,C0018,Organic,organic-q3,2025-07-01,2025-07-13,
L0548,C0086,Webinar,webinar-q4,2025-05-28,,
L0549,C0008,Paid Search,paid-q2,2025-11-14,2025-11-26,
L0550,C0122,Paid Search,paid-q2,2026-04-06,,
L0551,C0138,Cold Outbound,cold-q4,2025-06-03,,
L0552,C0191,Paid Search,paid-q3,2026-03-16,,
L0553,C0143,Cold Outbound,cold-q2,2026-04-23,,
L0554,C0204,Organic,organic-q1,2025-05-15,,
L0555,C0008,Organic,organic-q4,2025-05-30,,
L0556,C0147,Trade Show,trade-q2,2025-04-09,,
L0557,C0193,Trade Show,trade-q3,2025-07-01,,
L0558,C0023,Organic,organic-q2,2024-12-20,2024-12-31,2025-01-12
L0559,C0080,Webinar,webinar-q1,2026-03-28,2026-03-31,2026-04-24
L0560,C0195,Referral,referral-q2,2025-06-27,2025-07-05,2025-07-25
L0561,C0121,Webinar,webinar-q1,2026-03-22,2026-03-26,2026-04-03
L0562,C0162,Trade Show,trade-q3,2025-02-10,2025-02-18,
L0563,C0137,Cold Outbound,cold-q4,2026-02-21,,
L0564,C0206,Webinar,webinar-q1,2025-01-18,2025-02-03,2025-02-13
L0565,C0044,Paid Search,paid-q3,2025-07-27,,
L0566,C0027,Webinar,webinar-q1,2025-03-23,2025-03-27,
L0567,C0103,Paid Search,paid-q2,2025-03-15,,
L0568,C0124,Paid Search,paid-q1,2025-04-14,2025-05-04,
L0569,C0146,Trade Show,trade-q2,2025-05-27,2025-05-31,
L0570,C0215,Cold Outbound,cold-q1,2024-12-30,,
L0571,C0143,Paid Search,paid-q4,2026-02-02,2026-02-16,2026-02-22
L0572,C0210,Paid Search,paid-q3,2025-04-19,,
L0573,C0024,Cold Outbound,cold-q2,2025-10-02,,
L0574,C0163,Trade Show,trade-q2,2026-05-12,,
L0575,C0075,Paid Search,paid-q4,2025-04-08,2025-04-20,2025-05-14
L0576,C0180,Organic,organic-q3,2025-04-04,,
L0577,C0112,Paid Search,paid-q2,2025-10-08,,
L0578,C0099,Webinar,webinar-q4,2025-05-09,2025-05-15,2025-05-20
L0579,C0125,Webinar,webinar-q2,2025-02-19,2025-03-06,
L0580,C0179,Trade Show,trade-q2,2025-03-03,2025-03-18,
L0581,C0091,Paid Search,paid-q2,2025-09-23,2025-09-25,
L0582,C0061,Trade Show,trade-q3,2024-12-15,2025-01-03,
L0583,C0010,Referral,referral-q3,2025-01-03,2025-01-20,
L0584,C0187,Webinar,webinar-q4,2025-07-30,2025-08-17,
L0585,C0121,Webinar,webinar-q3,2026-02-22,,
L0586,C0137,Trade Show,trade-q4,2026-05-01,2026-05-18,
L0587,C0091,Organic,organic-q3,2025-07-15,2025-07-26,
L0588,C0016,Paid Search,paid-q2,2025-01-13,,
L0589,C0075,Cold Outbound,cold-q3,2026-04-15,,
L0590,C0020,Webinar,webinar-q3,2025-08-01,2025-08-11,2025-08-22
L0591,C0106,Cold Outbound,cold-q2,2025-04-15,,
L0592,C0043,Cold Outbound,cold-q3,2025-10-09,2025-10-19,
L0593,C0043,Webinar,webinar-q4,2025-01-22,2025-02-08,
L0594,C0137,Cold Outbound,cold-q4,2025-09-15,,
L0595,C0068,Paid Search,paid-q4,2025-12-15,2025-12-31,
L0596,C0136,Organic,organic-q1,2026-03-31,,
L0597,C0217,Cold Outbound,cold-q3,2025-02-24,2025-03-06,
L0598,C0150,Organic,organic-q4,2025-04-07,,
L0599,C0188,Cold Outbound,cold-q3,2025-10-25,,
L0600,C0081,Trade Show,trade-q1,2026-05-02,,
L0601,C0026,Referral,referral-q4,2026-01-26,2026-02-06,2026-02-10
L0602,C0198,Trade Show,trade-q3,2025-06-15,2025-06-19,2025-06-23
L0603,C0016,Organic,organic-q3,2025-08-21,2025-08-25,
L0604,C0157,Trade Show,trade-q2,2025-04-05,,
L0605,C0139,Webinar,webinar-q2,2025-02-25,,
L0606,C0114,Webinar,webinar-q1,2025-08-20,2025-08-24,
L0607,C0115,Organic,organic-q4,2026-04-23,2026-04-25,
L0608,C0069,Cold Outbound,cold-q3,2025-12-08,,
L0609,C0132,Paid Search,paid-q4,2024-12-26,2024-12-30,
L0610,C0177,Referral,referral-q1,2025-01-04,2025-01-17,2025-01-29
L0611,C0010,Webinar,webinar-q1,2025-10-27,,
L0612,C0126,Paid Search,paid-q1,2025-04-09,,
L0613,C0128,Cold Outbound,cold-q1,2025-02-06,2025-02-09,
L0614,C0104,Cold Outbound,cold-q2,2026-01-11,,
L0615,C0118,Cold Outbound,cold-q2,2025-12-11,,
L0616,C0037,Referral,referral-q1,2024-12-28,2024-12-31,2025-01-23
L0617,C0052,Referral,referral-q3,2025-03-02,2025-03-16,2025-04-09
L0618,C0200,Paid Search,paid-q1,2025-12-02,,
L0619,C0002,Webinar,webinar-q1,2025-11-10,,
L0620,C0073,Paid Search,paid-q4,2025-03-12,,
L0621,C0164,Organic,organic-q4,2025-08-08,2025-08-15,
L0622,C0047,Referral,referral-q1,2024-12-17,2024-12-28,2024-12-31
L0623,C0012,Cold Outbound,cold-q3,2026-03-18,2026-04-02,2026-04-24
L0624,C0012,Cold Outbound,cold-q1,2026-01-26,,
L0625,C0202,Webinar,webinar-q4,2026-04-13,2026-04-17,
L0626,C0152,Cold Outbound,cold-q4,2025-06-13,2025-06-25,2025-07-01
L0627,C0189,Webinar,webinar-q2,2025-03-16,2025-03-25,2025-04-15
L0628,C0118,Trade Show,trade-q2,2025-03-10,,
L0629,C0076,Organic,organic-q2,2025-12-03,,
L0630,C0059,Paid Search,paid-q4,2026-02-13,,
L0631,C0056,Paid Search,paid-q4,2025-01-13,2025-01-28,
L0632,C0084,Organic,organic-q2,2025-02-22,,
L0633,C0039,Paid Search,paid-q4,2026-05-07,,
L0634,C0121,Referral,referral-q1,2024-12-12,2024-12-26,2025-01-20
L0635,C0062,Paid Search,paid-q1,2026-02-16,,
L0636,C0056,Paid Search,paid-q3,2025-12-28,2026-01-01,2026-01-25
L0637,C0179,Cold Outbound,cold-q1,2025-10-12,,
L0638,C0015,Organic,organic-q1,2025-05-05,2025-05-18,
L0639,C0094,Referral,referral-q1,2025-11-14,2025-11-22,2025-12-05
L0640,C0096,Referral,referral-q4,2025-05-24,2025-06-11,
L0641,C0137,Paid Search,paid-q4,2025-07-17,,
L0642,C0178,Trade Show,trade-q2,2026-03-06,,
L0643,C0021,Paid Search,paid-q2,2025-04-07,2025-04-11,2025-04-22
L0644,C0106,Cold Outbound,cold-q3,2025-05-26,,
L0645,C0136,Cold Outbound,cold-q4,2025-02-11,2025-02-17,
L0646,C0203,Organic,organic-q2,2025-08-19,2025-08-30,
L0647,C0091,Referral,referral-q4,2025-07-25,,
L0648,C0042,Paid Search,paid-q2,2025-07-24,,
L0649,C0178,Trade Show,trade-q2,2025-12-06,2025-12-09,
L0650,C0113,Paid Search,paid-q3,2025-08-19,2025-09-07,
L0651,C0089,Cold Outbound,cold-q3,2025-12-12,,
L0652,C0137,Trade Show,trade-q1,2025-07-08,,
L0653,C0128,Paid Search,paid-q4,2025-12-15,,
L0654,C0190,Webinar,webinar-q3,2024-12-09,,
L0655,C0075,Organic,organic-q4,2025-12-13,2025-12-18,
L0656,C0036,Trade Show,trade-q3,2026-01-13,2026-01-22,
L0657,C0015,Webinar,webinar-q2,2025-10-25,,
L0658,C0051,Cold Outbound,cold-q1,2026-04-19,,
L0659,C0172,Paid Search,paid-q4,2026-02-12,2026-02-24,
L0660,C0015,Paid Search,paid-q4,2025-05-08,2025-05-23,
L0661,C0073,Paid Search,paid-q3,2025-05-24,2025-06-09,
L0662,C0187,Webinar,webinar-q4,2025-02-12,,
L0663,C0207,Organic,organic-q4,2025-03-04,2025-03-24,
L0664,C0078,Webinar,webinar-q3,2025-01-11,2025-01-31,
L0665,C0105,Webinar,webinar-q4,2025-08-06,2025-08-22,
L0666,C0036,Cold Outbound,cold-q2,2025-10-20,,
L0667,C0126,Organic,organic-q3,2026-03-30,,
L0668,C0144,Organic,organic-q2,2025-01-23,2025-01-25,2025-02-06
L0669,C0121,Trade Show,trade-q3,2026-01-05,2026-01-22,
L0670,C0008,Cold Outbound,cold-q3,2026-01-10,,
L0671,C0154,Trade Show,trade-q4,2025-05-07,,
L0672,C0161,Trade Show,trade-q1,2025-01-10,2025-01-30,2025-02-10
L0673,C0025,Webinar,webinar-q3,2025-11-22,,
L0674,C0176,Trade Show,trade-q3,2025-07-08,,
L0675,C0025,Cold Outbound,cold-q2,2025-05-17,2025-06-04,2025-06-22
L0676,C0042,Trade Show,trade-q2,2026-01-28,2026-02-06,
L0677,C0144,Trade Show,trade-q4,2026-01-16,2026-01-20,2026-01-27
L0678,C0080,Paid Search,paid-q2,2025-05-06,,
L0679,C0153,Trade Show,trade-q2,2025-05-27,,
L0680,C0209,Referral,referral-q2,2026-01-11,2026-01-17,2026-01-29
L0681,C0090,Webinar,webinar-q1,2026-04-13,2026-04-23,
L0682,C0042,Paid Search,paid-q2,2024-12-16,,
L0683,C0210,Webinar,webinar-q2,2026-04-28,,
L0684,C0044,Trade Show,trade-q1,2026-05-08,,
L0685,C0218,Trade Show,trade-q3,2025-01-11,,
L0686,C0173,Webinar,webinar-q2,2026-01-23,,
L0687,C0109,Trade Show,trade-q2,2025-10-05,2025-10-17,2025-10-23
L0688,C0093,Paid Search,paid-q1,2025-07-21,2025-08-07,2025-08-19
L0689,C0176,Cold Outbound,cold-q2,2025-02-12,,
L0690,C0219,Organic,organic-q2,2025-02-28,,
L0691,C0206,Trade Show,trade-q3,2025-01-10,2025-01-27,
L0692,C0134,Paid Search,paid-q1,2026-02-14,2026-02-28,
L0693,C0190,Trade Show,trade-q1,2025-11-21,2025-11-29,2025-12-21
L0694,C0060,Paid Search,paid-q4,2025-03-04,2025-03-24,
L0695,C0206,Cold Outbound,cold-q3,2025-03-29,,
L0696,C0104,Paid Search,paid-q3,2025-01-01,2025-01-17,2025-01-28
L0697,C0035,Organic,organic-q1,2026-04-12,,
L0698,C0128,Trade Show,trade-q2,2026-04-15,2026-04-27,2026-05-19
L0699,C0170,Cold Outbound,cold-q4,2024-12-24,2025-01-10,
L0700,C0088,Organic,organic-q1,2026-04-24,,
L0701,C0031,Trade Show,trade-q4,2025-04-15,2025-04-29,
L0702,C0046,Referral,referral-q2,2025-07-06,2025-07-12,2025-07-27
L0703,C0033,Paid Search,paid-q3,2025-05-02,,
L0704,C0196,Paid Search,paid-q4,2025-05-28,2025-06-10,
L0705,C0015,Paid Search,paid-q2,2025-09-04,2025-09-15,
L0706,C0017,Trade Show,trade-q1,2025-07-04,2025-07-06,
L0707,C0169,Referral,referral-q4,2025-03-06,2025-03-23,2025-04-05
L0708,C0077,Organic,organic-q2,2025-03-27,,
L0709,C0184,Trade Show,trade-q3,2026-02-04,2026-02-24,
L0710,C0054,Paid Search,paid-q1,2025-05-22,,
L0711,C0206,Organic,organic-q4,2025-07-09,,
L0712,C0107,Organic,organic-q3,2025-03-27,,
L0713,C0196,Paid Search,paid-q1,2025-11-09,,
L0714,C0048,Paid Search,paid-q2,2024-12-17,,
L0715,C0120,Trade Show,trade-q4,2025-08-11,,
L0716,C0016,Cold Outbound,cold-q3,2025-10-19,,
L0717,C0192,Organic,organic-q4,2025-07-09,2025-07-13,
L0718,C0069,Trade Show,trade-q2,2025-07-23,2025-08-01,
L0719,C0050,Webinar,webinar-q2,2026-04-14,,
L0720,C0125,Organic,organic-q4,2025-02-20,,
L0721,C0041,Referral,referral-q2,2025-08-06,2025-08-16,2025-08-24
L0722,C0189,Webinar,webinar-q1,2024-12-16,2025-01-05,
L0723,C0065,Trade Show,trade-q1,2024-12-20,2024-12-25,
L0724,C0214,Organic,organic-q2,2025-04-08,,
L0725,C0028,Organic,organic-q2,2025-11-14,,
L0726,C0066,Paid Search,paid-q4,2026-03-16,,
L0727,C0029,Cold Outbound,cold-q4,2025-06-22,,
L0728,C0072,Organic,organic-q3,2025-12-15,2025-12-28,
L0729,C0156,Referral,referral-q1,2026-04-07,2026-04-16,2026-05-01
L0730,C0197,Trade Show,trade-q1,2025-03-22,2025-03-26,
L0731,C0121,Trade Show,trade-q3,2025-03-16,,
L0732,C0210,Trade Show,trade-q2,2026-01-30,,
L0733,C0091,Paid Search,paid-q3,2025-03-08,2025-03-10,
L0734,C0048,Cold Outbound,cold-q2,2025-02-12,2025-02-20,
L0735,C0022,Organic,organic-q2,2026-01-19,2026-01-25,
L0736,C0203,Cold Outbound,cold-q4,2025-06-19,,
L0737,C0067,Cold Outbound,cold-q3,2025-11-16,,
L0738,C0107,Organic,organic-q2,2025-05-01,2025-05-15,
L0739,C0058,Trade Show,trade-q1,2026-04-21,,
L0740,C0161,Cold Outbound,cold-q1,2025-09-20,,
L0741,C0180,Organic,organic-q1,2025-11-21,2025-12-06,
L0742,C0095,Webinar,webinar-q1,2025-11-19,2025-12-07,2025-12-24
L0743,C0058,Paid Search,paid-q2,2025-10-16,,
L0744,C0069,Trade Show,trade-q4,2025-07-22,2025-08-06,
L0745,C0211,Paid Search,paid-q2,2025-07-27,2025-08-11,
L0746,C0068,Referral,referral-q4,2025-09-13,,
L0747,C0176,Paid Search,paid-q1,2025-01-28,2025-02-03,
L0748,C0102,Trade Show,trade-q4,2025-10-07,,
L0749,C0066,Cold Outbound,cold-q1,2026-02-27,,
L0750,C0061,Referral,referral-q3,2025-01-15,,
L0751,C0206,Trade Show,trade-q1,2026-03-27,2026-04-10,2026-04-25
L0752,C0144,Webinar,webinar-q2,2026-03-31,2026-04-18,2026-05-01
L0753,C0082,Webinar,webinar-q2,2025-02-23,2025-03-07,2025-03-14
L0754,C0010,Organic,organic-q3,2025-01-16,2025-02-01,2025-02-19
L0755,C0064,Trade Show,trade-q1,2024-12-18,,
L0756,C0175,Referral,referral-q4,2026-01-08,2026-01-13,
L0757,C0021,Webinar,webinar-q4,2025-01-26,2025-02-05,
L0758,C0012,Referral,referral-q3,2025-02-03,,
L0759,C0205,Trade Show,trade-q2,2025-12-31,,
L0760,C0073,Trade Show,trade-q1,2025-06-16,,
L0761,C0155,Paid Search,paid-q1,2025-04-17,2025-04-24,2025-05-09
L0762,C0145,Paid Search,paid-q1,2025-03-05,,
L0763,C0158,Trade Show,trade-q4,2025-11-03,,
L0764,C0132,Webinar,webinar-q4,2025-05-28,,
L0765,C0183,Cold Outbound,cold-q4,2025-12-05,,
L0766,C0022,Cold Outbound,cold-q4,2025-07-19,,
L0767,C0123,Trade Show,trade-q2,2025-07-09,,
L0768,C0077,Cold Outbound,cold-q4,2025-08-31,2025-09-03,
L0769,C0132,Trade Show,trade-q4,2026-01-22,2026-02-07,
L0770,C0065,Paid Search,paid-q3,2025-05-14,,
L0771,C0005,Cold Outbound,cold-q4,2026-01-16,2026-01-23,
L0772,C0107,Referral,referral-q3,2025-07-12,2025-07-28,
L0773,C0207,Paid Search,paid-q3,2025-08-14,,
L0774,C0048,Trade Show,trade-q2,2025-10-08,2025-10-18,
L0775,C0137,Webinar,webinar-q1,2026-04-24,2026-04-26,2026-05-14
L0776,C0167,Organic,organic-q2,2025-12-15,2026-01-03,2026-01-15
L0777,C0109,Webinar,webinar-q1,2026-04-20,2026-04-26,
L0778,C0125,Paid Search,paid-q1,2025-01-15,,
L0779,C0052,Paid Search,paid-q4,2025-07-15,2025-07-17,2025-08-11
L0780,C0127,Paid Search,paid-q1,2025-07-19,,
L0781,C0152,Paid Search,paid-q2,2024-12-29,,
L0782,C0109,Paid Search,paid-q1,2025-06-23,2025-07-08,
L0783,C0160,Webinar,webinar-q4,2025-05-22,,
L0784,C0074,Referral,referral-q4,2025-10-28,2025-11-06,2025-11-27
L0785,C0155,Organic,organic-q2,2025-01-18,,
L0786,C0100,Cold Outbound,cold-q3,2025-03-12,,
L0787,C0217,Trade Show,trade-q2,2025-11-28,2025-12-02,
L0788,C0052,Webinar,webinar-q4,2025-12-03,2025-12-18,
L0789,C0061,Paid Search,paid-q1,2025-10-10,,
L0790,C0067,Paid Search,paid-q2,2025-05-12,2025-05-30,2025-06-04
L0791,C0059,Webinar,webinar-q2,2026-01-09,2026-01-21,
L0792,C0198,Cold Outbound,cold-q2,2025-08-12,,
L0793,C0155,Trade Show,trade-q1,2026-01-26,,
L0794,C0118,Paid Search,paid-q1,2026-01-19,,
L0795,C0220,Paid Search,paid-q1,2026-01-28,,
L0796,C0031,Webinar,webinar-q3,2025-10-14,2025-10-25,
L0797,C0128,Cold Outbound,cold-q2,2026-01-31,,
L0798,C0036,Organic,organic-q2,2026-01-07,2026-01-22,
L0799,C0214,Referral,referral-q3,2025-01-12,2025-01-19,2025-02-02
L0800,C0198,Paid Search,paid-q1,2026-05-02,2026-05-14,
L0801,C0112,Cold Outbound,cold-q4,2026-03-11,,
L0802,C0165,Cold Outbound,cold-q1,2025-12-09,,
L0803,C0205,Trade Show,trade-q4,2025-07-14,2025-08-02,
L0804,C0081,Cold Outbound,cold-q1,2025-05-25,,
L0805,C0157,Trade Show,trade-q4,2025-12-13,2025-12-21,
L0806,C0159,Cold Outbound,cold-q3,2025-02-14,,
L0807,C0104,Cold Outbound,cold-q3,2025-10-22,2025-11-10,
L0808,C0190,Cold Outbound,cold-q3,2026-01-03,2026-01-21,
L0809,C0194,Paid Search,paid-q1,2025-11-30,2025-12-19,
L0810,C0199,Organic,organic-q4,2025-07-05,,
L0811,C0016,Webinar,webinar-q3,2025-04-26,,
L0812,C0013,Paid Search,paid-q4,2026-01-05,2026-01-07,
L0813,C0207,Trade Show,trade-q3,2025-09-15,2025-10-05,
L0814,C0134,Cold Outbound,cold-q1,2025-09-01,2025-09-21,2025-10-05
L0815,C0109,Webinar,webinar-q1,2025-03-17,2025-04-01,
L0816,C0115,Paid Search,paid-q3,2026-02-22,,
L0817,C0144,Paid Search,paid-q3,2025-04-03,,
L0818,C0113,Cold Outbound,cold-q4,2024-12-27,,
L0819,C0033,Webinar,webinar-q4,2025-01-01,2025-01-19,
L0820,C0055,Webinar,webinar-q4,2025-01-31,2025-02-07,
L0821,C0031,Paid Search,paid-q1,2025-03-20,2025-04-09,2025-04-28
L0822,C0012,Paid Search,paid-q4,2025-03-11,,
L0823,C0087,Paid Search,paid-q4,2025-04-21,,
L0824,C0034,Trade Show,trade-q4,2025-12-22,,
L0825,C0039,Cold Outbound,cold-q1,2025-06-13,,
L0826,C0105,Cold Outbound,cold-q2,2025-04-11,,
L0827,C0012,Organic,organic-q3,2025-02-13,,
L0828,C0182,Trade Show,trade-q3,2026-04-17,,
L0829,C0144,Webinar,webinar-q2,2026-02-14,,
L0830,C0194,Paid Search,paid-q2,2026-03-19,,
L0831,C0005,Paid Search,paid-q2,2026-01-09,,
L0832,C0053,Organic,organic-q4,2025-09-03,2025-09-22,
L0833,C0012,Paid Search,paid-q1,2024-12-25,2025-01-01,
L0834,C0082,Trade Show,trade-q3,2025-04-16,2025-04-21,
L0835,C0047,Organic,organic-q1,2025-08-24,2025-09-08,
L0836,C0084,Referral,referral-q1,2025-11-08,2025-11-19,2025-12-02
L0837,C0005,Organic,organic-q1,2025-08-10,2025-08-29,
L0838,C0146,Webinar,webinar-q4,2025-03-22,2025-04-09,2025-04-16
L0839,C0090,Cold Outbound,cold-q3,2025-10-07,2025-10-26,
L0840,C0102,Organic,organic-q2,2026-01-07,,
L0841,C0111,Trade Show,trade-q3,2025-10-09,,
L0842,C0163,Trade Show,trade-q4,2025-08-18,2025-08-30,
L0843,C0154,Paid Search,paid-q1,2025-06-10,,
L0844,C0001,Webinar,webinar-q1,2025-01-10,,
L0845,C0106,Cold Outbound,cold-q4,2024-12-28,,
L0846,C0167,Cold Outbound,cold-q1,2026-02-22,,
L0847,C0114,Trade Show,trade-q3,2026-01-06,,
L0848,C0154,Paid Search,paid-q4,2025-05-11,2025-05-13,2025-05-27
L0849,C0057,Paid Search,paid-q3,2026-04-22,,
L0850,C0050,Cold Outbound,cold-q3,2026-02-09,,
L0851,C0127,Organic,organic-q1,2025-05-06,2025-05-14,2025-06-06
L0852,C0071,Cold Outbound,cold-q1,2025-10-28,,
L0853,C0137,Cold Outbound,cold-q4,2025-08-27,2025-09-11,
L0854,C0014,Trade Show,trade-q4,2025-06-16,,
L0855,C0032,Paid Search,paid-q4,2025-01-20,2025-01-23,
L0856,C0072,Organic,organic-q4,2025-03-08,2025-03-22,2025-03-27
L0857,C0189,Trade Show,trade-q4,2025-09-23,,
L0858,C0051,Trade Show,trade-q3,2025-11-25,2025-11-30,2025-12-16
L0859,C0161,Paid Search,paid-q3,2025-06-04,2025-06-21,2025-07-04
L0860,C0134,Trade Show,trade-q1,2025-09-12,,
L0861,C0196,Cold Outbound,cold-q4,2026-02-04,,
L0862,C0016,Webinar,webinar-q4,2026-04-08,2026-04-12,
L0863,C0206,Referral,referral-q1,2025-02-14,2025-03-01,2025-03-25
L0864,C0153,Webinar,webinar-q2,2026-03-04,,
L0865,C0131,Webinar,webinar-q3,2025-08-23,2025-09-08,2025-09-15
L0866,C0080,Referral,referral-q3,2025-02-20,2025-03-11,
L0867,C0080,Webinar,webinar-q3,2025-05-26,2025-05-28,2025-06-21
L0868,C0130,Referral,referral-q4,2026-03-18,2026-03-26,2026-04-04
L0869,C0178,Cold Outbound,cold-q4,2025-09-19,,
L0870,C0189,Organic,organic-q4,2025-06-07,2025-06-14,
L0871,C0003,Referral,referral-q3,2026-02-26,2026-03-03,2026-03-20
L0872,C0026,Trade Show,trade-q2,2026-04-21,2026-04-26,2026-05-05
L0873,C0208,Organic,organic-q2,2025-04-26,,
L0874,C0160,Trade Show,trade-q1,2025-02-22,2025-02-28,
L0875,C0097,Webinar,webinar-q3,2025-04-24,2025-05-03,
L0876,C0151,Cold Outbound,cold-q3,2025-10-31,,
L0877,C0014,Organic,organic-q2,2025-07-30,,
L0878,C0126,Trade Show,trade-q1,2025-10-10,,
L0879,C0158,Trade Show,trade-q2,2026-03-07,2026-03-25,
L0880,C0046,Paid Search,paid-q3,2025-06-17,,
L0881,C0127,Paid Search,paid-q3,2025-01-12,,
L0882,C0203,Cold Outbound,cold-q2,2026-04-05,2026-04-13,
L0883,C0056,Organic,organic-q4,2025-07-03,,
L0884,C0216,Paid Search,paid-q3,2025-04-24,,
L0885,C0022,Webinar,webinar-q4,2025-07-14,2025-07-23,
L0886,C0160,Paid Search,paid-q4,2025-06-02,2025-06-17,
L0887,C0082,Trade Show,trade-q4,2025-08-06,2025-08-22,2025-09-14
L0888,C0086,Paid Search,paid-q3,2025-10-23,2025-11-02,2025-11-24
L0889,C0193,Trade Show,trade-q1,2025-08-18,,
L0890,C0089,Organic,organic-q4,2025-03-25,,
L0891,C0004,Cold Outbound,cold-q2,2025-01-14,,
L0892,C0186,Organic,organic-q4,2025-10-10,2025-10-30,
L0893,C0185,Cold Outbound,cold-q3,2025-01-25,,
L0894,C0049,Organic,organic-q4,2025-02-27,2025-03-15,
L0895,C0036,Referral,referral-q3,2026-01-01,,
L0896,C0208,Referral,referral-q3,2025-05-14,2025-05-29,2025-06-13
L0897,C0027,Webinar,webinar-q1,2025-11-12,,
L0898,C0007,Paid Search,paid-q2,2025-11-02,2025-11-16,2025-11-26
L0899,C0080,Trade Show,trade-q4,2025-02-24,2025-03-16,
L0900,C0129,Paid Search,paid-q3,2025-01-28,2025-02-03,
L0901,C0155,Trade Show,trade-q3,2025-09-02,,
L0902,C0118,Trade Show,trade-q1,2025-01-24,,
L0903,C0117,Organic,organic-q3,2025-05-22,2025-05-29,2025-06-06
L0904,C0118,Cold Outbound,cold-q2,2025-04-14,,
L0905,C0179,Webinar,webinar-q2,2026-03-29,,
L0906,C0161,Webinar,webinar-q1,2025-07-18,,
L0907,C0056,Cold Outbound,cold-q4,2024-12-23,,
L0908,C0095,Paid Search,paid-q1,2026-02-23,,
L0909,C0105,Cold Outbound,cold-q2,2025-02-05,2025-02-23,2025-02-26
L0910,C0211,Webinar,webinar-q2,2025-07-31,2025-08-02,
L0911,C0032,Webinar,webinar-q2,2025-04-07,2025-04-09,
L0912,C0092,Webinar,webinar-q2,2025-11-11,,
L0913,C0137,Trade Show,trade-q4,2025-10-03,,
L0914,C0208,Trade Show,trade-q4,2026-01-27,,
L0915,C0154,Paid Search,paid-q1,2026-05-08,,
L0916,C0064,Cold Outbound,cold-q2,2025-04-24,2025-04-26,
L0917,C0087,Trade Show,trade-q1,2025-10-28,2025-11-02,
L0918,C0043,Trade Show,trade-q1,2025-11-22,2025-11-27,
L0919,C0161,Organic,organic-q2,2025-10-30,,
L0920,C0110,Paid Search,paid-q2,2026-01-09,2026-01-22,
L0921,C0168,Referral,referral-q1,2025-06-23,2025-07-09,2025-08-02
L0922,C0095,Cold Outbound,cold-q1,2026-03-29,,
L0923,C0197,Paid Search,paid-q1,2024-12-17,,
L0924,C0218,Trade Show,trade-q3,2025-11-18,,
L0925,C0162,Paid Search,paid-q2,2025-04-10,2025-04-22,
L0926,C0018,Cold Outbound,cold-q1,2025-06-03,,
L0927,C0098,Paid Search,paid-q1,2025-09-16,2025-09-21,
L0928,C0194,Cold Outbound,cold-q1,2025-09-05,2025-09-18,
L0929,C0097,Organic,organic-q1,2025-10-15,2025-10-31,
L0930,C0072,Organic,organic-q1,2025-06-21,,
L0931,C0166,Trade Show,trade-q1,2025-07-21,2025-08-02,
L0932,C0014,Organic,organic-q2,2025-08-31,,
L0933,C0083,Paid Search,paid-q4,2025-11-06,,
L0934,C0126,Referral,referral-q2,2026-03-02,2026-03-08,
L0935,C0045,Webinar,webinar-q2,2025-10-15,2025-10-30,
L0936,C0185,Organic,organic-q2,2025-10-22,2025-10-31,2025-11-21
L0937,C0079,Paid Search,paid-q3,2025-02-02,2025-02-19,2025-02-26
L0938,C0049,Organic,organic-q1,2026-05-08,,
L0939,C0096,Cold Outbound,cold-q4,2024-12-25,,
L0940,C0191,Trade Show,trade-q4,2025-04-25,2025-05-15,2025-05-19
L0941,C0145,Webinar,webinar-q2,2025-11-27,,
L0942,C0198,Trade Show,trade-q4,2025-05-21,,
L0943,C0015,Paid Search,paid-q4,2025-04-13,,
L0944,C0009,Organic,organic-q1,2025-05-07,,
L0945,C0067,Cold Outbound,cold-q2,2025-01-31,2025-02-20,
L0946,C0004,Trade Show,trade-q1,2026-01-13,,
L0947,C0102,Trade Show,trade-q2,2026-02-19,,
L0948,C0110,Webinar,webinar-q3,2025-08-27,2025-09-15,
L0949,C0079,Paid Search,paid-q1,2025-03-17,2025-04-06,
L0950,C0037,Organic,organic-q2,2025-08-10,,
L0951,C0079,Paid Search,paid-q2,2026-05-06,,
L0952,C0018,Referral,referral-q4,2025-03-11,2025-03-26,2025-04-09
L0953,C0088,Organic,organic-q2,2026-04-12,2026-04-17,2026-04-28
L0954,C0150,Referral,referral-q1,2026-03-31,2026-04-02,2026-04-21
L0955,C0125,Cold Outbound,cold-q3,2025-01-13,,
L0956,C0175,Organic,organic-q3,2025-05-26,,
L0957,C0171,Trade Show,trade-q4,2025-03-30,,
L0958,C0085,Trade Show,trade-q1,2026-01-30,2026-02-13,
L0959,C0036,Trade Show,trade-q1,2026-04-16,,
L0960,C0180,Organic,organic-q3,2025-08-31,2025-09-17,
L0961,C0001,Cold Outbound,cold-q1,2025-06-17,,
L0962,C0207,Trade Show,trade-q4,2025-06-13,2025-06-30,
L0963,C0021,Paid Search,paid-q4,2025-05-21,,
L0964,C0122,Trade Show,trade-q4,2026-01-30,2026-02-07,
L0965,C0147,Trade Show,trade-q1,2024-12-12,2024-12-16,2025-01-09
L0966,C0120,Trade Show,trade-q4,2025-11-21,,
L0967,C0139,Paid Search,paid-q2,2025-09-08,2025-09-12,2025-10-07
L0968,C0086,Trade Show,trade-q1,2025-09-25,,
L0969,C0184,Paid Search,paid-q4,2025-04-17,,
L0970,C0030,Organic,organic-q1,2025-07-19,2025-07-31,
L0971,C0191,Trade Show,trade-q3,2026-01-14,2026-01-26,
L0972,C0001,Paid Search,paid-q1,2025-06-28,,
L0973,C0100,Webinar,webinar-q3,2025-03-05,,
L0974,C0204,Trade Show,trade-q2,2026-01-03,2026-01-05,
L0975,C0038,Paid Search,paid-q2,2025-07-13,,
L0976,C0154,Paid Search,paid-q2,2025-07-26,,
L0977,C0212,Trade Show,trade-q3,2026-04-07,2026-04-12,2026-05-07
L0978,C0056,Cold Outbound,cold-q3,2024-12-22,,
L0979,C0208,Paid Search,paid-q2,2025-06-05,,
L0980,C0188,Organic,organic-q1,2025-09-24,,
L0981,C0220,Cold Outbound,cold-q4,2024-12-29,2025-01-05,
L0982,C0087,Paid Search,paid-q4,2025-03-06,,
L0983,C0101,Cold Outbound,cold-q3,2026-02-28,2026-03-08,
L0984,C0025,Paid Search,paid-q3,2025-12-29,,
L0985,C0207,Paid Search,paid-q3,2026-03-18,2026-03-25,
L0986,C0124,Paid Search,paid-q2,2025-07-18,2025-07-26,
L0987,C0186,Referral,referral-q2,2026-01-28,2026-02-12,2026-02-20
L0988,C0122,Webinar,webinar-q1,2025-11-10,2025-11-28,
L0989,C0039,Paid Search,paid-q2,2025-03-25,2025-04-03,
L0990,C0153,Organic,organic-q4,2025-11-17,,
L0991,C0172,Trade Show,trade-q4,2026-02-10,,
L0992,C0071,Cold Outbound,cold-q3,2025-02-11,2025-02-16,2025-03-06
L0993,C0058,Trade Show,trade-q4,2026-04-19,2026-04-24,
L0994,C0124,Webinar,webinar-q3,2025-02-22,2025-02-27,2025-03-24
L0995,C0048,Trade Show,trade-q1,2025-03-23,2025-04-11,
L0996,C0017,Paid Search,paid-q2,2026-01-05,,
L0997,C0047,Trade Show,trade-q1,2025-11-09,2025-11-21,2025-11-28
L0998,C0023,Cold Outbound,cold-q1,2025-08-23,2025-08-28,
L0999,C0140,Paid Search,paid-q4,2025-11-18,,
L1000,C0064,Cold Outbound,cold-q1,2025-07-09,,
L1001,C0201,Paid Search,paid-q4,2025-07-16,2025-08-02,
L1002,C0091,Paid Search,paid-q1,2025-10-10,,
L1003,C0010,Referral,referral-q2,2025-11-01,2025-11-09,
L1004,C0056,Paid Search,paid-q3,2025-05-10,2025-05-25,2025-06-05
L1005,C0112,Trade Show,trade-q1,2025-04-19,,
L1006,C0070,Organic,organic-q1,2026-01-05,,
L1007,C0085,Paid Search,paid-q3,2026-02-10,,
L1008,C0038,Cold Outbound,cold-q3,2025-09-23,2025-10-07,
L1009,C0027,Organic,organic-q2,2026-01-06,,
L1010,C0151,Trade Show,trade-q1,2024-12-27,2025-01-16,
L1011,C0156,Paid Search,paid-q1,2026-01-31,2026-02-14,2026-03-10
L1012,C0153,Paid Search,paid-q4,2025-03-26,,
L1013,C0176,Organic,organic-q2,2025-12-04,2025-12-24,
L1014,C0186,Referral,referral-q2,2025-04-28,2025-05-13,2025-05-21
L1015,C0020,Cold Outbound,cold-q1,2025-09-09,2025-09-12,2025-09-24
L1016,C0003,Paid Search,paid-q2,2025-03-04,,
L1017,C0174,Paid Search,paid-q4,2026-01-05,2026-01-13,
L1018,C0183,Cold Outbound,cold-q3,2025-03-03,2025-03-21,
L1019,C0115,Referral,referral-q2,2025-11-21,2025-12-04,
L1020,C0014,Paid Search,paid-q4,2025-03-06,2025-03-19,
L1021,C0174,Organic,organic-q1,2025-08-30,2025-09-16,2025-09-25
L1022,C0118,Referral,referral-q3,2025-06-10,2025-06-12,2025-06-20
L1023,C0208,Webinar,webinar-q1,2025-08-10,,
L1024,C0113,Cold Outbound,cold-q2,2025-11-28,,
L1025,C0092,Paid Search,paid-q1,2025-10-21,2025-10-24,2025-11-09
L1026,C0042,Trade Show,trade-q4,2025-10-21,,
L1027,C0031,Trade Show,trade-q4,2025-03-07,2025-03-13,2025-03-28
L1028,C0216,Trade Show,trade-q2,2025-04-09,2025-04-14,
L1029,C0089,Webinar,webinar-q1,2024-12-16,,
L1030,C0174,Organic,organic-q4,2025-05-27,,
L1031,C0112,Cold Outbound,cold-q3,2025-01-06,2025-01-10,
L1032,C0040,Organic,organic-q2,2025-11-02,2025-11-07,
L1033,C0064,Trade Show,trade-q2,2025-02-27,2025-03-04,
L1034,C0047,Paid Search,paid-q2,2025-10-31,2025-11-06,
L1035,C0050,Organic,organic-q4,2025-12-14,2025-12-22,2025-12-26
L1036,C0083,Cold Outbound,cold-q3,2025-10-07,,
L1037,C0026,Trade Show,trade-q2,2025-02-25,2025-03-14,
L1038,C0025,Organic,organic-q2,2026-04-29,2026-05-12,
L1039,C0155,Paid Search,paid-q2,2025-04-27,,
L1040,C0099,Organic,organic-q1,2026-02-12,2026-02-17,2026-03-12
L1041,C0115,Webinar,webinar-q1,2026-01-31,,
L1042,C0078,Cold Outbound,cold-q2,2025-01-12,,
L1043,C0033,Webinar,webinar-q4,2025-10-28,2025-11-07,
L1044,C0217,Cold Outbound,cold-q3,2025-05-22,,
L1045,C0112,Cold Outbound,cold-q4,2026-03-04,,
L1046,C0129,Trade Show,trade-q2,2026-04-20,,
L1047,C0034,Cold Outbound,cold-q1,2025-07-20,,
L1048,C0178,Referral,referral-q4,2025-10-30,2025-11-18,
L1049,C0043,Trade Show,trade-q4,2025-02-18,,
L1050,C0156,Paid Search,paid-q2,2025-08-07,2025-08-14,
L1051,C0003,Paid Search,paid-q3,2025-01-31,2025-02-09,2025-02-20
L1052,C0012,Webinar,webinar-q3,2025-09-11,2025-09-17,
L1053,C0035,Organic,organic-q1,2025-08-09,,
L1054,C0211,Organic,organic-q1,2025-10-09,2025-10-22,
L1055,C0084,Trade Show,trade-q3,2026-02-16,,
L1056,C0157,Paid Search,paid-q3,2025-07-15,,
L1057,C0003,Cold Outbound,cold-q2,2025-05-13,,
L1058,C0066,Organic,organic-q1,2026-04-26,,
L1059,C0168,Cold Outbound,cold-q2,2025-08-22,,
L1060,C0069,Organic,organic-q4,2025-10-16,2025-10-25,
L1061,C0038,Paid Search,paid-q1,2025-01-07,,
L1062,C0209,Paid Search,paid-q2,2025-11-13,,
L1063,C0047,Trade Show,trade-q1,2025-07-28,2025-08-04,
L1064,C0049,Cold Outbound,cold-q2,2026-03-02,2026-03-11,
L1065,C0104,Cold Outbound,cold-q2,2026-01-30,,
L1066,C0155,Trade Show,trade-q4,2026-01-30,2026-02-04,
L1067,C0165,Cold Outbound,cold-q2,2026-03-29,2026-04-02,2026-04-25
L1068,C0003,Trade Show,trade-q3,2026-01-24,,
L1069,C0036,Webinar,webinar-q4,2025-01-06,,
L1070,C0123,Organic,organic-q2,2025-12-05,2025-12-15,
L1071,C0212,Webinar,webinar-q1,2026-03-28,2026-04-02,2026-04-18
L1072,C0093,Organic,organic-q1,2026-02-15,,
L1073,C0136,Webinar,webinar-q2,2025-06-04,,
L1074,C0171,Webinar,webinar-q3,2025-07-08,2025-07-13,2025-07-31
L1075,C0208,Trade Show,trade-q1,2026-02-23,,
L1076,C0200,Trade Show,trade-q3,2025-12-13,2025-12-29,
L1077,C0123,Cold Outbound,cold-q1,2026-03-05,,
L1078,C0072,Trade Show,trade-q1,2025-12-15,2025-12-21,2026-01-05
L1079,C0124,Paid Search,paid-q3,2025-03-15,2025-03-24,
L1080,C0138,Paid Search,paid-q2,2024-12-24,2025-01-13,
L1081,C0199,Paid Search,paid-q1,2025-09-30,2025-10-02,2025-10-05
L1082,C0035,Paid Search,paid-q1,2026-01-20,,
L1083,C0218,Paid Search,paid-q3,2025-12-21,,
L1084,C0142,Trade Show,trade-q2,2025-03-07,2025-03-16,2025-03-23
L1085,C0004,Organic,organic-q2,2025-03-12,,
L1086,C0036,Paid Search,paid-q4,2025-07-10,2025-07-22,
L1087,C0004,Cold Outbound,cold-q1,2025-07-23,2025-07-26,
L1088,C0042,Webinar,webinar-q4,2026-05-01,,
L1089,C0117,Cold Outbound,cold-q3,2025-08-21,,
L1090,C0041,Paid Search,paid-q1,2025-08-07,,
L1091,C0033,Trade Show,trade-q4,2025-10-08,,
L1092,C0048,Organic,organic-q4,2026-02-22,2026-03-08,
L1093,C0206,Webinar,webinar-q4,2025-04-27,2025-05-02,2025-05-16
L1094,C0008,Trade Show,trade-q3,2025-09-09,2025-09-14,2025-10-06
L1095,C0101,Organic,organic-q2,2025-05-13,,
L1096,C0105,Webinar,webinar-q1,2024-12-13,2024-12-19,2025-01-03
L1097,C0093,Organic,organic-q1,2025-02-25,,
L1098,C0100,Cold Outbound,cold-q2,2025-09-10,,
L1099,C0040,Paid Search,paid-q1,2024-12-19,,
L1100,C0080,Webinar,webinar-q4,2026-02-12,2026-02-24,2026-03-08
L1101,C0220,Paid Search,paid-q4,2025-12-31,2026-01-12,
L1102,C0130,Cold Outbound,cold-q3,2025-02-06,,
L1103,C0011,Trade Show,trade-q2,2026-03-15,,
L1104,C0040,Paid Search,paid-q3,2026-01-25,2026-02-14,
L1105,C0100,Webinar,webinar-q1,2025-01-24,2025-02-09,
L1106,C0120,Trade Show,trade-q1,2026-01-21,2026-01-26,
L1107,C0197,Trade Show,trade-q2,2025-02-23,2025-02-27,2025-03-21
L1108,C0122,Cold Outbound,cold-q3,2026-01-15,,
L1109,C0121,Paid Search,paid-q2,2025-12-14,2025-12-17,
L1110,C0016,Cold Outbound,cold-q4,2025-05-07,,
L1111,C0055,Organic,organic-q4,2026-04-19,2026-04-26,2026-05-01
L1112,C0108,Organic,organic-q4,2025-01-04,,
L1113,C0179,Cold Outbound,cold-q3,2025-02-19,,
L1114,C0211,Paid Search,paid-q2,2026-05-02,2026-05-22,
L1115,C0211,Organic,organic-q1,2025-06-22,2025-07-08,
L1116,C0082,Paid Search,paid-q4,2026-01-16,2026-01-18,
L1117,C0220,Trade Show,trade-q4,2026-01-04,,
L1118,C0010,Paid Search,paid-q2,2025-10-01,2025-10-20,
L1119,C0056,Paid Search,paid-q2,2025-05-21,,
L1120,C0148,Trade Show,trade-q3,2026-04-28,,
L1121,C0079,Referral,referral-q1,2024-12-14,2024-12-30,2025-01-13
L1122,C0193,Paid Search,paid-q4,2026-01-30,,
L1123,C0171,Trade Show,trade-q4,2025-07-20,2025-08-05,
L1124,C0220,Webinar,webinar-q1,2025-01-17,2025-02-02,2025-02-25
L1125,C0002,Cold Outbound,cold-q2,2025-04-24,,
L1126,C0169,Organic,organic-q3,2025-08-15,,
L1127,C0107,Trade Show,trade-q1,2025-09-07,,
L1128,C0004,Paid Search,paid-q2,2026-04-16,,
L1129,C0133,Trade Show,trade-q3,2025-06-21,2025-07-11,
L1130,C0101,Organic,organic-q4,2025-10-27,,
L1131,C0148,Trade Show,trade-q2,2025-02-27,,
L1132,C0187,Paid Search,paid-q4,2025-11-16,,
L1133,C0112,Paid Search,paid-q1,2025-09-18,,
L1134,C0031,Webinar,webinar-q3,2025-04-06,,
L1135,C0083,Webinar,webinar-q1,2025-10-16,2025-10-31,2025-11-21
L1136,C0037,Organic,organic-q1,2026-04-19,2026-04-24,2026-05-06
L1137,C0161,Paid Search,paid-q2,2026-02-23,,
L1138,C0081,Paid Search,paid-q2,2025-02-05,2025-02-07,
L1139,C0162,Cold Outbound,cold-q1,2026-04-10,,
L1140,C0124,Trade Show,trade-q2,2026-05-07,2026-05-17,
L1141,C0008,Webinar,webinar-q2,2026-04-19,2026-05-02,2026-05-11
L1142,C0204,Webinar,webinar-q2,2025-06-27,,
L1143,C0125,Trade Show,trade-q4,2025-02-23,2025-03-05,
L1144,C0156,Cold Outbound,cold-q4,2025-04-15,2025-04-28,
L1145,C0017,Cold Outbound,cold-q2,2025-02-06,,
L1146,C0065,Trade Show,trade-q3,2025-03-19,,
L1147,C0136,Trade Show,trade-q4,2025-05-17,2025-05-24,
L1148,C0048,Paid Search,paid-q2,2025-05-11,2025-05-24,
L1149,C0032,Cold Outbound,cold-q3,2026-05-03,,
L1150,C0055,Cold Outbound,cold-q3,2025-01-21,,
L1151,C0099,Paid Search,paid-q2,2025-07-26,,
L1152,C0072,Webinar,webinar-q4,2026-02-25,,
L1153,C0209,Paid Search,paid-q2,2025-06-19,2025-07-06,
L1154,C0108,Trade Show,trade-q1,2026-01-10,2026-01-22,
L1155,C0006,Organic,organic-q1,2025-07-25,,
L1156,C0002,Trade Show,trade-q3,2025-01-25,2025-02-08,2025-02-28
L1157,C0166,Referral,referral-q1,2026-04-26,2026-05-11,
L1158,C0193,Organic,organic-q4,2025-05-23,2025-06-04,
L1159,C0077,Referral,referral-q4,2025-02-01,,
L1160,C0032,Trade Show,trade-q1,2025-04-25,2025-04-28,
L1161,C0083,Webinar,webinar-q2,2025-02-20,2025-02-28,
L1162,C0209,Trade Show,trade-q1,2026-05-07,2026-05-10,2026-05-22
L1163,C0076,Organic,organic-q3,2026-02-17,,
L1164,C0169,Trade Show,trade-q1,2025-10-14,2025-10-31,2025-11-03
L1165,C0099,Paid Search,paid-q4,2025-11-01,2025-11-09,
L1166,C0132,Cold Outbound,cold-q3,2025-06-26,,
L1167,C0218,Cold Outbound,cold-q1,2024-12-12,,
L1168,C0094,Organic,organic-q4,2025-04-13,,
L1169,C0200,Paid Search,paid-q2,2025-03-29,2025-04-13,2025-04-25
L1170,C0027,Paid Search,paid-q4,2025-12-13,,
L1171,C0062,Cold Outbound,cold-q4,2026-04-26,2026-04-28,
L1172,C0091,Paid Search,paid-q1,2025-08-14,,
L1173,C0111,Webinar,webinar-q2,2025-10-07,2025-10-22,2025-10-26
L1174,C0010,Webinar,webinar-q2,2025-08-13,2025-08-18,2025-09-09
L1175,C0101,Paid Search,paid-q2,2026-01-29,,
L1176,C0069,Trade Show,trade-q2,2024-12-21,2024-12-29,
L1177,C0153,Organic,organic-q1,2025-07-22,2025-08-09,
L1178,C0190,Cold Outbound,cold-q2,2025-07-04,2025-07-08,2025-07-21
L1179,C0004,Webinar,webinar-q4,2025-01-12,2025-01-19,
L1180,C0044,Trade Show,trade-q3,2026-05-03,,
L1181,C0126,Paid Search,paid-q4,2025-09-01,2025-09-03,
L1182,C0214,Trade Show,trade-q2,2025-09-21,,
L1183,C0026,Cold Outbound,cold-q3,2025-07-05,,
L1184,C0140,Cold Outbound,cold-q4,2025-08-22,2025-09-07,2025-09-21
L1185,C0133,Organic,organic-q1,2025-01-02,2025-01-20,
L1186,C0106,Referral,referral-q2,2025-09-29,2025-10-01,2025-10-26
L1187,C0191,Paid Search,paid-q2,2026-02-10,,
L1188,C0028,Paid Search,paid-q4,2025-08-05,,
L1189,C0045,Trade Show,trade-q3,2025-08-14,,
L1190,C0107,Paid Search,paid-q3,2025-08-03,2025-08-23,
L1191,C0157,Organic,organic-q4,2026-01-07,,
L1192,C0203,Paid Search,paid-q3,2025-05-22,2025-05-24,
L1193,C0120,Cold Outbound,cold-q3,2025-12-10,,
L1194,C0078,Cold Outbound,cold-q3,2024-12-30,2025-01-10,2025-01-14
L1195,C0122,Organic,organic-q2,2025-05-14,,
L1196,C0109,Cold Outbound,cold-q1,2025-03-30,,
L1197,C0153,Trade Show,trade-q2,2025-06-28,,
L1198,C0083,Cold Outbound,cold-q2,2025-12-21,2026-01-05,
L1199,C0022,Organic,organic-q4,2025-07-12,,
L1200,C0214,Paid Search,paid-q1,2025-02-19,2025-03-07,
L1201,C0176,Paid Search,paid-q4,2025-05-11,2025-05-27,
L1202,C0008,Paid Search,paid-q4,2026-04-15,2026-04-21,
L1203,C0063,Organic,organic-q2,2025-04-25,,
L1204,C0076,Trade Show,trade-q4,2026-03-19,2026-03-21,
L1205,C0133,Cold Outbound,cold-q1,2025-01-26,2025-02-05,
L1206,C0086,Cold Outbound,cold-q3,2026-02-02,,
L1207,C0016,Cold Outbound,cold-q1,2026-01-08,,
L1208,C0144,Paid Search,paid-q2,2024-12-21,2024-12-27,
L1209,C0002,Organic,organic-q2,2025-01-01,2025-01-03,2025-01-09
L1210,C0027,Organic,organic-q1,2025-01-12,,
L1211,C0015,Paid Search,paid-q3,2026-01-08,2026-01-15,
L1212,C0140,Trade Show,trade-q4,2025-08-19,,
L1213,C0111,Paid Search,paid-q1,2025-12-14,2025-12-23,2026-01-17
L1214,C0075,Paid Search,paid-q1,2025-07-20,,
L1215,C0171,Paid Search,paid-q4,2025-08-04,2025-08-09,
L1216,C0038,Trade Show,trade-q3,2026-04-14,2026-05-04,
L1217,C0009,Paid Search,paid-q1,2025-02-11,,
L1218,C0036,Paid Search,paid-q4,2025-01-18,2025-01-25,
L1219,C0129,Trade Show,trade-q3,2025-10-09,,
L1220,C0132,Paid Search,paid-q2,2026-03-09,,
L1221,C0185,Paid Search,paid-q4,2025-05-30,,
L1222,C0072,Cold Outbound,cold-q4,2025-07-06,2025-07-23,
L1223,C0169,Paid Search,paid-q3,2025-11-09,2025-11-21,
L1224,C0150,Paid Search,paid-q1,2025-03-25,2025-04-01,2025-04-25
L1225,C0216,Paid Search,paid-q2,2026-04-12,2026-04-28,
L1226,C0147,Trade Show,trade-q2,2025-10-20,2025-11-05,
L1227,C0190,Organic,organic-q4,2025-11-28,,
L1228,C0050,Trade Show,trade-q1,2026-02-13,,
L1229,C0053,Cold Outbound,cold-q2,2026-04-08,,
L1230,C0105,Paid Search,paid-q3,2026-02-28,2026-03-18,
L1231,C0147,Trade Show,trade-q3,2025-01-12,2025-01-31,
L1232,C0113,Trade Show,trade-q4,2025-03-01,,
L1233,C0033,Paid Search,paid-q1,2025-07-11,2025-07-20,2025-08-09
L1234,C0075,Organic,organic-q4,2025-08-28,,
L1235,C0041,Webinar,webinar-q1,2025-07-22,2025-07-31,
L1236,C0129,Trade Show,trade-q4,2025-06-27,,
L1237,C0029,Paid Search,paid-q3,2025-01-15,,
L1238,C0108,Referral,referral-q2,2025-08-18,2025-08-21,2025-09-10
L1239,C0194,Organic,organic-q2,2026-03-10,2026-03-30,
L1240,C0196,Cold Outbound,cold-q3,2026-04-06,,
L1241,C0154,Trade Show,trade-q4,2026-02-19,,
L1242,C0011,Organic,organic-q1,2026-01-26,2026-02-04,
L1243,C0078,Paid Search,paid-q1,2025-09-21,,
L1244,C0201,Referral,referral-q4,2025-10-24,2025-10-26,2025-10-30
L1245,C0059,Paid Search,paid-q1,2025-03-16,,
L1246,C0185,Referral,referral-q1,2025-08-30,2025-09-05,2025-09-17
L1247,C0094,Cold Outbound,cold-q2,2025-07-17,,
L1248,C0179,Organic,organic-q1,2024-12-13,2024-12-28,
L1249,C0072,Cold Outbound,cold-q2,2026-02-21,,
L1250,C0134,Trade Show,trade-q3,2025-09-18,,
L1251,C0096,Organic,organic-q1,2025-12-18,,
L1252,C0167,Cold Outbound,cold-q1,2025-02-02,2025-02-05,2025-02-26
L1253,C0022,Trade Show,trade-q3,2026-03-12,,
L1254,C0005,Paid Search,paid-q4,2025-04-16,2025-04-25,2025-05-03
L1255,C0170,Paid Search,paid-q1,2025-07-04,,
L1256,C0007,Paid Search,paid-q3,2025-06-02,,
L1257,C0194,Paid Search,paid-q3,2026-04-14,,
L1258,C0110,Cold Outbound,cold-q1,2026-03-15,,
L1259,C0174,Trade Show,trade-q4,2025-07-22,2025-08-11,
L1260,C0098,Organic,organic-q2,2025-01-19,2025-01-21,2025-02-14
L1261,C0064,Webinar,webinar-q3,2025-07-14,2025-07-17,
L1262,C0169,Paid Search,paid-q1,2025-08-29,2025-09-18,
L1263,C0217,Trade Show,trade-q4,2025-11-10,2025-11-26,2025-11-30
L1264,C0217,Paid Search,paid-q4,2025-10-01,2025-10-05,2025-10-27
L1265,C0113,Trade Show,trade-q3,2025-11-09,,
L1266,C0127,Organic,organic-q2,2026-01-02,,
L1267,C0159,Webinar,webinar-q2,2026-03-23,2026-03-26,2026-04-14
L1268,C0011,Paid Search,paid-q1,2025-09-21,,
L1269,C0066,Trade Show,trade-q3,2026-04-26,2026-04-29,
L1270,C0020,Paid Search,paid-q4,2024-12-09,2024-12-13,2024-12-26
L1271,C0175,Trade Show,trade-q1,2025-03-13,,
L1272,C0037,Trade Show,trade-q3,2026-04-17,,
L1273,C0105,Paid Search,paid-q4,2025-04-24,,
L1274,C0008,Organic,organic-q3,2025-11-29,2025-12-05,
L1275,C0156,Referral,referral-q3,2025-10-08,2025-10-26,
L1276,C0056,Cold Outbound,cold-q1,2025-04-20,,
L1277,C0196,Webinar,webinar-q1,2026-02-21,,
L1278,C0145,Trade Show,trade-q4,2024-12-13,2024-12-18,
L1279,C0014,Paid Search,paid-q4,2025-01-14,2025-01-22,
L1280,C0063,Organic,organic-q2,2025-06-10,,
L1281,C0060,Trade Show,trade-q3,2025-01-31,,
L1282,C0062,Webinar,webinar-q4,2025-02-11,2025-02-24,
L1283,C0093,Webinar,webinar-q2,2025-01-02,2025-01-17,2025-01-24
L1284,C0105,Organic,organic-q3,2025-12-22,,
L1285,C0031,Organic,organic-q4,2026-02-18,2026-02-24,
L1286,C0198,Cold Outbound,cold-q2,2025-10-22,,
L1287,C0031,Referral,referral-q3,2025-03-10,2025-03-27,
L1288,C0009,Webinar,webinar-q1,2025-02-25,,
L1289,C0034,Trade Show,trade-q4,2025-04-10,2025-04-24,
L1290,C0076,Organic,organic-q3,2026-01-11,,
L1291,C0152,Trade Show,trade-q1,2026-01-22,2026-02-04,
L1292,C0162,Trade Show,trade-q4,2025-02-06,2025-02-23,
L1293,C0186,Cold Outbound,cold-q2,2026-02-16,,
L1294,C0095,Paid Search,paid-q4,2025-02-02,2025-02-09,
L1295,C0198,Paid Search,paid-q2,2026-02-02,2026-02-14,2026-03-05
L1296,C0217,Paid Search,paid-q3,2025-03-02,2025-03-14,
L1297,C0011,Trade Show,trade-q4,2025-10-09,2025-10-29,
L1298,C0089,Organic,organic-q2,2025-07-25,2025-08-04,
L1299,C0044,Organic,organic-q3,2025-07-21,,
L1300,C0060,Cold Outbound,cold-q2,2025-07-31,2025-08-19,
L1301,C0008,Cold Outbound,cold-q2,2026-04-02,2026-04-04,
L1302,C0147,Organic,organic-q4,2025-03-02,,
L1303,C0076,Trade Show,trade-q1,2026-01-20,2026-02-04,
L1304,C0036,Webinar,webinar-q1,2025-07-31,,
L1305,C0191,Trade Show,trade-q1,2025-09-27,2025-10-15,2025-11-01
L1306,C0199,Paid Search,paid-q3,2026-02-26,,
L1307,C0026,Referral,referral-q2,2025-06-21,,
L1308,C0161,Cold Outbound,cold-q1,2026-04-06,2026-04-26,
L1309,C0173,Trade Show,trade-q3,2025-10-24,2025-11-10,
L1310,C0073,Cold Outbound,cold-q2,2025-12-29,,
L1311,C0133,Webinar,webinar-q1,2025-10-05,2025-10-22,
L1312,C0046,Organic,organic-q4,2026-04-03,,
L1313,C0162,Paid Search,paid-q3,2025-09-14,,
L1314,C0047,Cold Outbound,cold-q2,2025-07-09,,
L1315,C0126,Cold Outbound,cold-q3,2025-04-06,,
L1316,C0057,Organic,organic-q3,2026-01-17,2026-02-02,2026-02-26
L1317,C0083,Paid Search,paid-q3,2025-08-18,2025-09-03,
L1318,C0014,Organic,organic-q4,2025-08-11,,
L1319,C0210,Organic,organic-q3,2026-03-27,2026-04-05,
L1320,C0053,Webinar,webinar-q3,2026-01-20,2026-02-08,2026-02-11
L1321,C0181,Webinar,webinar-q3,2025-06-05,,
L1322,C0168,Paid Search,paid-q2,2026-03-23,2026-03-31,
L1323,C0102,Trade Show,trade-q3,2025-09-20,,
L1324,C0085,Trade Show,trade-q2,2025-03-15,2025-03-24,
L1325,C0006,Referral,referral-q4,2026-01-28,2026-01-31,2026-02-12
L1326,C0213,Referral,referral-q1,2025-12-08,2025-12-22,2026-01-13
L1327,C0109,Cold Outbound,cold-q3,2026-04-19,2026-04-27,2026-05-20
L1328,C0110,Paid Search,paid-q2,2026-02-06,,
L1329,C0124,Paid Search,paid-q2,2025-07-25,2025-08-11,
L1330,C0196,Trade Show,trade-q4,2026-01-22,2026-01-24,
L1331,C0095,Organic,organic-q1,2025-01-09,,
L1332,C0208,Organic,organic-q1,2026-02-16,,
L1333,C0126,Organic,organic-q1,2025-08-30,2025-09-16,
L1334,C0195,Trade Show,trade-q1,2025-09-16,,
L1335,C0080,Organic,organic-q2,2025-06-01,2025-06-21,
L1336,C0069,Trade Show,trade-q4,2025-10-10,2025-10-22,
L1337,C0119,Organic,organic-q1,2025-01-03,,
L1338,C0020,Paid Search,paid-q2,2025-04-23,,
L1339,C0192,Webinar,webinar-q2,2026-01-08,2026-01-13,2026-01-29
L1340,C0206,Cold Outbound,cold-q3,2025-04-27,,
L1341,C0085,Organic,organic-q2,2025-12-25,,
L1342,C0003,Trade Show,trade-q4,2025-06-21,2025-07-08,2025-07-11
L1343,C0178,Webinar,webinar-q4,2026-02-05,2026-02-08,
L1344,C0018,Paid Search,paid-q2,2025-05-19,2025-05-21,
L1345,C0211,Organic,organic-q3,2025-03-02,2025-03-16,
L1346,C0165,Paid Search,paid-q1,2025-10-17,,
L1347,C0056,Webinar,webinar-q2,2025-07-30,2025-08-04,2025-08-23
L1348,C0085,Cold Outbound,cold-q4,2025-08-02,2025-08-04,
L1349,C0024,Trade Show,trade-q2,2025-12-13,2025-12-15,2025-12-19
L1350,C0065,Cold Outbound,cold-q4,2026-01-09,,
L1351,C0094,Webinar,webinar-q3,2025-01-20,,
L1352,C0144,Organic,organic-q4,2025-10-29,2025-10-31,2025-11-14
L1353,C0080,Referral,referral-q1,2025-06-10,,
L1354,C0129,Trade Show,trade-q3,2026-04-29,2026-05-09,
L1355,C0179,Paid Search,paid-q3,2025-08-26,,
L1356,C0211,Trade Show,trade-q4,2026-04-11,,
L1357,C0126,Cold Outbound,cold-q4,2025-11-16,,
L1358,C0140,Cold Outbound,cold-q1,2026-01-26,,
L1359,C0183,Paid Search,paid-q2,2025-12-07,,
L1360,C0108,Webinar,webinar-q1,2026-01-10,2026-01-13,2026-02-02
L1361,C0195,Webinar,webinar-q2,2024-12-15,,
L1362,C0114,Webinar,webinar-q3,2026-03-28,,
L1363,C0105,Cold Outbound,cold-q1,2025-11-16,2025-12-05,
L1364,C0146,Organic,organic-q4,2026-02-13,2026-02-17,2026-02-22
L1365,C0145,Organic,organic-q4,2025-06-23,2025-07-01,2025-07-10
L1366,C0166,Paid Search,paid-q2,2025-07-21,2025-08-08,
L1367,C0069,Cold Outbound,cold-q2,2026-02-09,2026-02-25,2026-03-03
L1368,C0122,Cold Outbound,cold-q4,2025-12-20,,
L1369,C0097,Paid Search,paid-q3,2026-04-08,,
L1370,C0003,Cold Outbound,cold-q4,2025-12-01,,
L1371,C0026,Organic,organic-q3,2025-11-02,2025-11-18,
L1372,C0113,Cold Outbound,cold-q4,2025-01-30,,
L1373,C0063,Paid Search,paid-q3,2025-08-27,,
L1374,C0103,Paid Search,paid-q1,2025-07-09,,
L1375,C0196,Trade Show,trade-q1,2024-12-09,2024-12-19,
L1376,C0008,Paid Search,paid-q2,2025-11-26,,
L1377,C0179,Trade Show,trade-q2,2025-10-21,2025-11-02,
L1378,C0024,Referral,referral-q2,2025-06-30,2025-07-16,2025-08-02
L1379,C0121,Organic,organic-q4,2025-04-22,,
L1380,C0025,Cold Outbound,cold-q2,2025-04-11,2025-04-17,
L1381,C0073,Organic,organic-q4,2025-03-04,,
L1382,C0172,Organic,organic-q2,2026-04-15,,
L1383,C0061,Webinar,webinar-q3,2025-04-30,2025-05-02,
L1384,C0020,Cold Outbound,cold-q2,2025-09-19,,
L1385,C0078,Referral,referral-q1,2025-02-21,2025-02-28,2025-03-12
L1386,C0099,Paid Search,paid-q1,2025-02-01,,
L1387,C0103,Trade Show,trade-q1,2025-03-06,2025-03-16,
L1388,C0207,Webinar,webinar-q3,2025-02-05,,
L1389,C0217,Cold Outbound,cold-q1,2025-05-04,,
L1390,C0137,Trade Show,trade-q1,2025-04-15,2025-04-27,
L1391,C0067,Cold Outbound,cold-q4,2025-10-22,,
L1392,C0011,Paid Search,paid-q4,2026-01-08,,
L1393,C0154,Referral,referral-q3,2025-04-29,2025-05-10,
L1394,C0069,Referral,referral-q3,2025-11-10,2025-11-12,2025-11-24
L1395,C0038,Paid Search,paid-q4,2026-01-29,,
L1396,C0087,Cold Outbound,cold-q4,2025-07-07,,
L1397,C0192,Webinar,webinar-q1,2025-08-22,,
L1398,C0030,Paid Search,paid-q3,2025-10-28,,
L1399,C0139,Paid Search,paid-q1,2025-09-05,2025-09-22,2025-10-08
L1400,C0203,Paid Search,paid-q1,2025-06-21,2025-06-23,
L1401,C0157,Organic,organic-q4,2025-07-22,,
L1402,C0085,Cold Outbound,cold-q4,2025-04-09,,
L1403,C0088,Referral,referral-q3,2025-06-19,,
L1404,C0219,Webinar,webinar-q2,2024-12-18,2024-12-25,
L1405,C0009,Organic,organic-q4,2026-02-21,,
L1406,C0054,Organic,organic-q3,2025-04-29,2025-05-11,2025-05-28
L1407,C0189,Cold Outbound,cold-q4,2025-03-28,,
L1408,C0154,Organic,organic-q3,2025-07-31,,
L1409,C0171,Cold Outbound,cold-q4,2025-06-21,2025-07-05,
L1410,C0212,Paid Search,paid-q2,2025-02-06,,
L1411,C0074,Webinar,webinar-q3,2026-05-09,,
L1412,C0175,Cold Outbound,cold-q4,2026-02-01,,
L1413,C0108,Paid Search,paid-q2,2025-03-18,,
L1414,C0036,Cold Outbound,cold-q1,2024-12-13,,
L1415,C0006,Cold Outbound,cold-q2,2025-06-14,2025-07-01,
L1416,C0006,Trade Show,trade-q2,2025-04-09,,
L1417,C0095,Webinar,webinar-q2,2025-09-09,2025-09-17,2025-09-29
L1418,C0018,Cold Outbound,cold-q1,2026-05-05,,
L1419,C0134,Paid Search,paid-q4,2025-01-16,2025-01-31,
L1420,C0138,Trade Show,trade-q1,2026-01-09,2026-01-12,2026-01-27
L1421,C0011,Cold Outbound,cold-q4,2025-05-05,,
L1422,C0167,Paid Search,paid-q4,2025-02-16,,
L1423,C0217,Webinar,webinar-q1,2025-08-17,,
L1424,C0169,Paid Search,paid-q2,2025-05-30,,
L1425,C0054,Trade Show,trade-q1,2025-08-15,2025-08-19,
L1426,C0193,Cold Outbound,cold-q3,2025-09-04,,
L1427,C0085,Cold Outbound,cold-q3,2025-02-05,,
L1428,C0195,Paid Search,paid-q2,2025-12-20,,
L1429,C0095,Referral,referral-q3,2025-05-06,2025-05-13,2025-05-25
L1430,C0191,Cold Outbound,cold-q4,2025-03-23,,
L1431,C0089,Webinar,webinar-q3,2025-12-04,2025-12-18,
L1432,C0044,Paid Search,paid-q2,2025-01-04,,
L1433,C0172,Paid Search,paid-q3,2026-03-07,2026-03-15,2026-03-26
L1434,C0031,Cold Outbound,cold-q3,2025-10-23,,
L1435,C0164,Paid Search,paid-q2,2026-04-30,,
L1436,C0009,Paid Search,paid-q1,2025-03-30,,
L1437,C0070,Paid Search,paid-q1,2026-02-20,2026-03-10,2026-03-21
L1438,C0167,Webinar,webinar-q2,2025-09-04,,
L1439,C0011,Paid Search,paid-q3,2025-08-13,2025-08-21,
L1440,C0034,Trade Show,trade-q1,2025-07-06,2025-07-15,
L1441,C0119,Paid Search,paid-q1,2026-02-01,2026-02-05,2026-02-11
L1442,C0026,Paid Search,paid-q4,2025-10-04,2025-10-06,
L1443,C0029,Trade Show,trade-q2,2025-02-13,,
L1444,C0194,Cold Outbound,cold-q1,2025-01-30,2025-02-14,
L1445,C0046,Paid Search,paid-q4,2025-06-10,,
L1446,C0077,Trade Show,trade-q2,2025-08-15,2025-09-03,
L1447,C0029,Cold Outbound,cold-q4,2025-11-07,2025-11-25,
L1448,C0017,Webinar,webinar-q3,2025-02-24,2025-03-12,2025-04-05
L1449,C0041,Webinar,webinar-q3,2025-12-03,,
L1450,C0168,Trade Show,trade-q3,2025-03-12,2025-03-22,
L1451,C0078,Trade Show,trade-q2,2025-04-28,2025-05-11,
L1452,C0079,Organic,organic-q4,2025-03-03,,
L1453,C0104,Referral,referral-q4,2026-03-17,2026-03-23,
L1454,C0005,Cold Outbound,cold-q2,2025-10-17,,
L1455,C0214,Organic,organic-q1,2025-04-25,2025-05-09,2025-05-29
L1456,C0159,Trade Show,trade-q4,2024-12-13,,
L1457,C0063,Webinar,webinar-q3,2025-11-29,,
L1458,C0152,Trade Show,trade-q1,2025-01-16,,
L1459,C0181,Paid Search,paid-q2,2024-12-30,2025-01-19,
L1460,C0164,Webinar,webinar-q3,2025-05-27,2025-06-12,
L1461,C0035,Webinar,webinar-q3,2026-02-26,,
L1462,C0212,Cold Outbound,cold-q2,2025-12-08,,
L1463,C0144,Paid Search,paid-q4,2026-02-11,2026-03-03,
L1464,C0143,Cold Outbound,cold-q1,2025-07-18,2025-07-22,
L1465,C0190,Cold Outbound,cold-q3,2025-06-25,,
L1466,C0055,Paid Search,paid-q3,2025-11-05,,
L1467,C0086,Paid Search,paid-q3,2025-10-21,2025-10-23,2025-11-15
L1468,C0125,Paid Search,paid-q1,2026-03-24,,
L1469,C0005,Paid Search,paid-q1,2025-02-19,,
L1470,C0084,Trade Show,trade-q3,2024-12-25,,
L1471,C0189,Cold Outbound,cold-q1,2026-02-24,,
L1472,C0137,Cold Outbound,cold-q1,2025-12-01,,
L1473,C0167,Paid Search,paid-q1,2025-10-29,,
L1474,C0071,Paid Search,paid-q4,2025-01-21,,
L1475,C0039,Trade Show,trade-q1,2025-06-08,2025-06-28,2025-07-17
L1476,C0111,Cold Outbound,cold-q4,2026-04-21,,
L1477,C0213,Referral,referral-q1,2025-04-08,2025-04-20,2025-05-01
L1478,C0197,Paid Search,paid-q4,2025-06-12,,
L1479,C0211,Organic,organic-q2,2025-05-14,2025-05-20,2025-05-28
L1480,C0191,Referral,referral-q4,2025-10-11,2025-10-27,2025-11-05
L1481,C0131,Paid Search,paid-q4,2026-01-18,2026-02-01,
L1482,C0220,Paid Search,paid-q3,2026-01-30,2026-02-10,
L1483,C0218,Paid Search,paid-q2,2025-07-09,,
L1484,C0165,Webinar,webinar-q4,2025-04-08,2025-04-18,
L1485,C0012,Trade Show,trade-q2,2025-12-19,2025-12-21,2025-12-28
L1486,C0104,Organic,organic-q3,2025-04-25,,
L1487,C0007,Referral,referral-q1,2025-06-07,,
L1488,C0037,Referral,referral-q1,2025-03-21,2025-04-08,2025-04-14
L1489,C0094,Cold Outbound,cold-q4,2026-02-03,,
L1490,C0147,Trade Show,trade-q2,2025-10-24,2025-10-30,
L1491,C0169,Webinar,webinar-q1,2026-02-17,,
L1492,C0158,Organic,organic-q2,2026-01-25,2026-02-01,
L1493,C0182,Organic,organic-q3,2025-01-24,,
L1494,C0109,Webinar,webinar-q2,2025-04-24,2025-04-27,
L1495,C0162,Trade Show,trade-q2,2026-03-24,,
L1496,C0163,Referral,referral-q2,2026-04-08,2026-04-20,2026-05-08
L1497,C0201,Organic,organic-q4,2025-05-03,,
L1498,C0033,Trade Show,trade-q2,2026-02-05,,
L1499,C0031,Trade Show,trade-q2,2025-07-14,,
L1500,C0112,Organic,organic-q2,2026-02-17,2026-03-07,2026-03-31
L1501,C0159,Cold Outbound,cold-q2,2025-09-23,,
L1502,C0109,Trade Show,trade-q3,2025-10-17,2025-10-31,2025-11-19
L1503,C0120,Trade Show,trade-q2,2025-06-17,,
L1504,C0020,Organic,organic-q3,2025-08-28,2025-09-01,2025-09-17
L1505,C0190,Webinar,webinar-q2,2025-12-08,2025-12-18,
L1506,C0031,Referral,referral-q1,2025-06-28,2025-07-15,2025-08-01
L1507,C0182,Paid Search,paid-q3,2024-12-30,2025-01-04,2025-01-26
L1508,C0062,Trade Show,trade-q4,2024-12-22,2024-12-27,
L1509,C0186,Organic,organic-q3,2025-08-03,,
L1510,C0171,Organic,organic-q3,2025-08-28,2025-09-02,
L1511,C0150,Paid Search,paid-q2,2024-12-22,,
L1512,C0027,Cold Outbound,cold-q4,2024-12-29,,
L1513,C0171,Trade Show,trade-q1,2025-04-16,,
L1514,C0204,Paid Search,paid-q1,2026-02-01,2026-02-10,
L1515,C0155,Cold Outbound,cold-q4,2025-03-07,,
L1516,C0166,Referral,referral-q4,2025-02-16,2025-03-06,2025-03-21
L1517,C0200,Cold Outbound,cold-q1,2025-02-24,2025-03-03,2025-03-16
L1518,C0217,Trade Show,trade-q1,2024-12-17,2025-01-05,
L1519,C0059,Trade Show,trade-q3,2025-06-22,2025-06-26,
L1520,C0128,Organic,organic-q4,2025-11-03,2025-11-20,2025-12-07
L1521,C0044,Cold Outbound,cold-q1,2025-06-16,2025-07-06,
L1522,C0165,Paid Search,paid-q2,2025-07-13,2025-07-17,2025-07-22
L1523,C0170,Trade Show,trade-q3,2025-03-24,2025-04-05,
L1524,C0099,Paid Search,paid-q3,2026-01-26,,
L1525,C0083,Trade Show,trade-q4,2025-09-24,,
L1526,C0040,Organic,organic-q1,2025-08-05,2025-08-14,2025-08-24
L1527,C0061,Paid Search,paid-q3,2025-06-19,2025-06-25,
L1528,C0180,Trade Show,trade-q2,2025-09-02,2025-09-20,
L1529,C0027,Paid Search,paid-q3,2025-09-21,,
L1530,C0142,Cold Outbound,cold-q4,2025-09-25,2025-09-28,
L1531,C0152,Paid Search,paid-q1,2025-02-20,,
L1532,C0144,Webinar,webinar-q1,2025-02-07,,
L1533,C0181,Paid Search,paid-q1,2025-12-12,,
L1534,C0185,Referral,referral-q3,2025-08-03,,
L1535,C0183,Cold Outbound,cold-q4,2024-12-26,,
L1536,C0102,Trade Show,trade-q4,2025-10-04,2025-10-15,2025-11-05
L1537,C0105,Paid Search,paid-q3,2025-12-16,,
L1538,C0014,Trade Show,trade-q1,2025-05-11,,
L1539,C0017,Webinar,webinar-q2,2025-03-15,,
L1540,C0154,Organic,organic-q2,2025-11-10,2025-11-27,
L1541,C0025,Organic,organic-q4,2025-03-25,,
L1542,C0122,Paid Search,paid-q3,2025-12-22,2026-01-02,
L1543,C0065,Cold Outbound,cold-q1,2024-12-17,2024-12-31,2025-01-14
L1544,C0087,Cold Outbound,cold-q1,2025-02-04,,
L1545,C0156,Referral,referral-q1,2026-03-11,2026-03-16,2026-04-04
L1546,C0198,Cold Outbound,cold-q2,2025-11-12,,
L1547,C0160,Paid Search,paid-q1,2026-04-03,,
L1548,C0075,Organic,organic-q3,2026-01-22,,
L1549,C0043,Paid Search,paid-q4,2026-01-30,2026-02-05,
L1550,C0117,Trade Show,trade-q4,2025-04-09,,
L1551,C0017,Cold Outbound,cold-q2,2025-05-31,,
L1552,C0210,Organic,organic-q2,2024-12-26,,
L1553,C0016,Referral,referral-q1,2025-01-06,,
L1554,C0168,Webinar,webinar-q4,2025-06-18,,
L1555,C0073,Cold Outbound,cold-q2,2025-06-18,,
L1556,C0161,Organic,organic-q4,2025-03-02,2025-03-06,
L1557,C0083,Paid Search,paid-q4,2025-01-02,2025-01-13,
L1558,C0136,Cold Outbound,cold-q2,2026-03-31,,
L1559,C0151,Organic,organic-q3,2025-11-16,,
L1560,C0013,Paid Search,paid-q4,2025-07-06,2025-07-25,2025-08-18
L1561,C0135,Cold Outbound,cold-q3,2025-11-11,,
L1562,C0055,Referral,referral-q4,2026-01-31,,
L1563,C0183,Trade Show,trade-q1,2025-06-19,,
L1564,C0147,Paid Search,paid-q1,2026-04-27,,
L1565,C0177,Organic,organic-q3,2026-01-13,2026-01-22,
L1566,C0085,Trade Show,trade-q4,2025-11-12,,
L1567,C0215,Paid Search,paid-q1,2025-03-27,2025-04-05,
L1568,C0109,Organic,organic-q2,2025-06-29,,
L1569,C0070,Cold Outbound,cold-q1,2025-03-19,,
L1570,C0072,Paid Search,paid-q4,2025-10-30,2025-11-01,
L1571,C0179,Paid Search,paid-q2,2025-02-07,,
L1572,C0164,Organic,organic-q1,2026-01-15,2026-02-01,2026-02-21
L1573,C0128,Paid Search,paid-q2,2025-10-19,,
L1574,C0123,Referral,referral-q1,2026-01-21,2026-02-04,2026-03-01
L1575,C0158,Organic,organic-q4,2025-04-28,,
L1576,C0197,Paid Search,paid-q2,2026-03-31,,
L1577,C0012,Cold Outbound,cold-q2,2026-04-28,,
L1578,C0045,Trade Show,trade-q4,2025-05-19,2025-05-22,
L1579,C0075,Webinar,webinar-q1,2024-12-11,2024-12-19,2025-01-05
L1580,C0027,Referral,referral-q1,2025-09-15,2025-10-05,2025-10-20
L1581,C0040,Trade Show,trade-q3,2025-02-01,2025-02-12,
L1582,C0100,Webinar,webinar-q2,2025-08-22,2025-08-24,2025-09-05
L1583,C0087,Paid Search,paid-q4,2025-06-13,2025-07-01,2025-07-10
L1584,C0187,Paid Search,paid-q4,2025-05-05,,
L1585,C0105,Cold Outbound,cold-q3,2025-04-24,2025-04-30,
L1586,C0116,Paid Search,paid-q4,2025-07-09,2025-07-17,
L1587,C0169,Trade Show,trade-q4,2025-04-14,2025-04-30,2025-05-09
L1588,C0070,Cold Outbound,cold-q4,2025-12-04,,
L1589,C0039,Trade Show,trade-q3,2025-03-17,2025-03-23,
L1590,C0157,Paid Search,paid-q1,2026-04-06,,
L1591,C0003,Webinar,webinar-q3,2026-03-19,,
L1592,C0092,Organic,organic-q2,2025-10-17,,
L1593,C0017,Organic,organic-q3,2025-05-06,,
L1594,C0122,Trade Show,trade-q2,2025-05-31,2025-06-05,
L1595,C0039,Webinar,webinar-q4,2025-11-26,2025-12-11,2025-12-31
L1596,C0072,Cold Outbound,cold-q1,2025-08-30,,
L1597,C0114,Webinar,webinar-q1,2026-02-02,2026-02-16,2026-03-06
L1598,C0083,Trade Show,trade-q1,2025-07-17,2025-08-03,2025-08-24
L1599,C0218,Webinar,webinar-q2,2025-08-27,2025-09-14,
L1600,C0082,Referral,referral-q1,2025-11-23,2025-12-04,2025-12-20
