company_id,company_name,industry,employee_count,country
C0001,LumenGroup-1,Healthtech,15,France
C0002,AtlasDigital-2,Media,120,Belgium
C0003,KiteBV-3,SaaS,75,Spain
C0004,PineBV-4,Retail,75,Germany
C0005,DeltaLabs-5,Fintech,900,Netherlands
C0006,DeltaBV-6,Retail,15,Spain
C0007,EchoWorks-7,Fintech,900,Netherlands
C0008,ForgeBV-8,Manufacturing,120,Spain
C0009,LumenLabs-9,Healthtech,250,Netherlands
C0010,AtlasLabs-10,Media,250,Belgium
C0011,DeltaGroup-11,Manufacturing,500,Germany
C0012,OrbitDigital-12,Fintech,75,France
C0013,AtlasGroup-13,Edtech,900,UK
C0014,ForgeGroup-14,Manufacturing,15,Germany
C0015,NovaBV-15,Media,250,Netherlands
C0016,AtlasWorks-16,Manufacturing,120,Spain
C0017,EchoSystems-17,Edtech,75,UK
C0018,VegaGroup-18,Retail,900,France
C0019,PineBV-19,Healthtech,75,France
C0020,EchoLabs-20,SaaS,40,Germany
C0021,VegaDigital-21,Media,40,Belgium
C0022,PineWorks-22,Edtech,250,France
C0023,NovaDigital-23,Fintech,250,Spain
C0024,DeltaLabs-24,Retail,900,Germany
C0025,EchoLabs-25,Retail,75,France
C0026,LumenDigital-26,Retail,120,Germany
C0027,DeltaGroup-27,SaaS,500,Belgium
C0028,NovaLabs-28,Manufacturing,250,Germany
C0029,NovaGroup-29,Fintech,40,Spain
C0030,EchoLabs-30,Logistics,75,Spain
C0031,EchoWorks-31,Logistics,250,France
C0032,KiteSystems-32,Healthtech,120,Spain
C0033,OrbitSystems-33,Manufacturing,1500,France
C0034,EchoLabs-34,Healthtech,120,Netherlands
C0035,DeltaLabs-35,Healthtech,120,Netherlands
C0036,LumenDigital-36,SaaS,120,Netherlands
C0037,NovaBV-37,Fintech,120,UK
C0038,EchoGroup-38,Logistics,1500,Germany
C0039,EchoSystems-39,Healthtech,40,Netherlands
C0040,PineBV-40,Media,900,Belgium
C0041,NovaDigital-41,Fintech,15,Belgium
C0042,DeltaLabs-42,Healthtech,120,Germany
C0043,ForgeSystems-43,Logistics,900,Germany
C0044,OrbitSystems-44,Healthtech,40,Belgium
C0045,ForgeLabs-45,SaaS,15,Netherlands
C0046,AtlasGroup-46,Media,1500,Belgium
C0047,AtlasSystems-47,SaaS,75,Belgium
C0048,NovaSystems-48,Retail,1500,UK
C0049,PineDigital-49,Edtech,75,Germany
C0050,OrbitGroup-50,SaaS,15,Spain
C0051,DeltaLabs-51,SaaS,1500,France
C0052,ForgeGroup-52,SaaS,40,Germany
C0053,LumenWorks-53,Fintech,120,Belgium
C0054,LumenWorks-54,Healthtech,15,France
C0055,LumenSystems-55,Manufacturing,250,Germany
C0056,DeltaGroup-56,Retail,900,Germany
C0057,OrbitSystems-57,Manufacturing,40,Netherlands
C0058,EchoWorks-58,Fintech,40,France
C0059,AtlasWorks-59,Retail,75,UK
C0060,LumenGroup-60,Manufacturing,250,Germany
C0061,EchoWorks-61,Retail,15,Spain
C0062,ForgeBV-62,Fintech,75,UK
C0063,LumenLabs-63,Logistics,250,UK
C0064,KiteGroup-64,Manufacturing,120,Spain
C0065,OrbitWorks-65,Edtech,250,Netherlands
C0066,LumenDigital-66,Media,250,Netherlands
C0067,NovaBV-67,Logistics,250,Germany
C0068,EchoWorks-68,Media,15,Netherlands
C0069,LumenDigital-69,Logistics,15,UK
C0070,KiteWorks-70,Logistics,900,Germany
C0071,NovaBV-71,Manufacturing,15,UK
C0072,AtlasDigital-72,Healthtech,40,UK
C0073,ForgeSystems-73,Logistics,120,Germany
C0074,VegaSystems-74,SaaS,75,Spain
C0075,DeltaSystems-75,Healthtech,250,Germany
C0076,LumenSystems-76,SaaS,1500,Germany
C0077,AtlasSystems-77,Manufacturing,250,Germany
C0078,AtlasLabs-78,Healthtech,900,UK
C0079,OrbitLabs-79,Retail,500,Spain
C0080,ForgeSystems-80,Manufacturing,15,Netherlands
C0081,OrbitGroup-81,Retail,15,Netherlands
C0082,KiteSystems-82,Manufacturing,500,Belgium
C0083,KiteWorks-83,Fintech,900,France
C0084,AtlasBV-84,SaaS,900,Netherlands
C0085,ForgeWorks-85,Healthtech,500,Belgium
C0086,LumenDigital-86,Manufacturing,500,Spain
C0087,LumenDigital-87,Retail,250,Spain
C0088,PineBV-88,Media,250,France
C0089,VegaGroup-89,Media,900,Spain
C0090,VegaWorks-90,Retail,900,France
C0091,NovaBV-91,Retail,120,Belgium
C0092,KiteWorks-92,Manufacturing,1500,Belgium
C0093,EchoDigital-93,Healthtech,1500,Spain
C0094,VegaDigital-94,Fintech,250,France
C0095,KiteBV-95,Fintech,120,Spain
C0096,OrbitGroup-96,Healthtech,75,Netherlands
C0097,NovaGroup-97,Edtech,40,Belgium
C0098,PineDigital-98,Healthtech,900,Belgium
C0099,PineGroup-99,Logistics,15,Netherlands
C0100,PineGroup-100,Logistics,1500,Netherlands
C0101,ForgeGroup-101,Fintech,1500,Germany
C0102,EchoDigital-102,Manufacturing,1500,France
C0103,ForgeSystems-103,Edtech,75,Spain
C0104,EchoSystems-104,Retail,120,Spain
C0105,OrbitWorks-105,Edtech,120,UK
C0106,EchoLabs-106,Retail,120,UK
C0107,DeltaBV-107,Fintech,75,Germany
C0108,AtlasSystems-108,Logistics,120,Netherlands
C0109,PineSystems-109,Manufacturing,1500,Belgium
C0110,NovaGroup-110,Media,900,France
C0111,NovaWorks-111,Media,1500,Netherlands
C0112,DeltaBV-112,Media,900,France
C0113,ForgeWorks-113,Healthtech,1500,Germany
C0114,OrbitSystems-114,Edtech,15,Belgium
C0115,DeltaDigital-115,Media,75,Belgium
C0116,VegaWorks-116,SaaS,900,France
C0117,KiteDigital-117,SaaS,40,Spain
C0118,PineGroup-118,Edtech,75,Netherlands
C0119,OrbitSystems-119,Manufacturing,120,Belgium
C0120,DeltaBV-120,Media,250,Belgium
C0121,OrbitLabs-121,Edtech,15,Spain
C0122,ForgeLabs-122,Manufacturing,120,Spain
C0123,LumenDigital-123,SaaS,15,Germany
C0124,AtlasLabs-124,Logistics,120,Germany
C0125,EchoDigital-125,Fintech,120,Belgium
C0126,OrbitBV-126,Logistics,40,Germany
C0127,OrbitLabs-127,SaaS,250,France
C0128,PineSystems-128,Healthtech,40,France
C0129,AtlasLabs-129,Retail,40,France
C0130,NovaBV-130,Media,500,Netherlands
C0131,ForgeDigital-131,Manufacturing,15,Belgium
C0132,EchoLabs-132,Media,500,Spain
C0133,EchoDigital-133,Logistics,900,Germany
C0134,ForgeDigital-134,Retail,1500,Belgium
C0135,PineDigital-135,Retail,500,Germany
C0136,LumenBV-136,Edtech,120,Belgium
C0137,KiteWorks-137,Media,500,Netherlands
C0138,EchoBV-138,Logistics,1500,Germany
C0139,DeltaBV-139,Manufacturing,250,France
C0140,OrbitWorks-140,SaaS,120,Netherlands
C0141,AtlasDigital-141,Media,1500,France
C0142,AtlasDigital-142,Edtech,1500,Belgium
C0143,NovaLabs-143,Retail,120,Belgium
C0144,AtlasBV-144,Manufacturing,1500,France
C0145,ForgeBV-145,Media,500,UK
C0146,EchoBV-146,Retail,250,Germany
C0147,LumenDigital-147,Healthtech,500,Netherlands
C0148,ForgeDigital-148,Logistics,120,Germany
C0149,EchoBV-149,Retail,40,Germany
C0150,OrbitGroup-150,Manufacturing,75,UK
C0151,NovaDigital-151,Logistics,250,Netherlands
C0152,NovaWorks-152,Retail,75,Spain
C0153,EchoLabs-153,SaaS,250,Belgium
C0154,EchoSystems-154,Manufacturing,75,Netherlands
C0155,OrbitSystems-155,Fintech,40,Belgium
C0156,EchoLabs-156,SaaS,75,Germany
C0157,KiteBV-157,Fintech,120,Netherlands
C0158,ForgeSystems-158,Healthtech,900,Belgium
C0159,EchoBV-159,Media,250,France
C0160,KiteLabs-160,Fintech,120,Spain
C0161,AtlasBV-161,Fintech,75,Germany
C0162,VegaWorks-162,Fintech,75,Netherlands
C0163,PineSystems-163,Edtech,250,Netherlands
C0164,AtlasBV-164,Retail,1500,Netherlands
C0165,AtlasBV-165,Healthtech,900,Netherlands
C0166,ForgeGroup-166,Logistics,250,Germany
C0167,LumenLabs-167,Logistics,250,France
C0168,KiteBV-168,Edtech,40,Belgium
C0169,OrbitDigital-169,Media,250,France
C0170,ForgeSystems-170,Edtech,40,France
C0171,NovaSystems-171,Manufacturing,250,Netherlands
C0172,LumenGroup-172,SaaS,250,France
C0173,NovaGroup-173,Edtech,1500,UK
C0174,VegaWorks-174,Media,1500,Netherlands
C0175,EchoBV-175,Media,500,UK
C0176,LumenGroup-176,Manufacturing,900,Spain
C0177,EchoBV-177,Media,15,Belgium
C0178,LumenBV-178,Retail,500,Netherlands
C0179,PineWorks-179,SaaS,1500,Belgium
C0180,NovaGroup-180,Manufacturing,1500,Spain
C0181,EchoLabs-181,Healthtech,250,France
C0182,VegaBV-182,Edtech,1500,Netherlands
C0183,NovaDigital-183,Healthtech,75,UK
C0184,ForgeLabs-184,Media,40,Germany
C0185,LumenSystems-185,Fintech,75,Belgium
C0186,OrbitWorks-186,Retail,900,Belgium
C0187,EchoGroup-187,Edtech,75,Belgium
C0188,AtlasWorks-188,Logistics,40,UK
C0189,PineBV-189,Retail,15,UK
C0190,OrbitWorks-190,Edtech,75,Belgium
C0191,ForgeSystems-191,Manufacturing,500,France
C0192,ForgeSystems-192,Edtech,500,Germany
C0193,AtlasWorks-193,Media,120,Belgium
C0194,NovaBV-194,Edtech,900,Belgium
C0195,VegaSystems-195,SaaS,75,France
C0196,KiteBV-196,Fintech,1500,Netherlands
C0197,ForgeSystems-197,SaaS,75,Belgium
C0198,VegaLabs-198,Edtech,250,UK
C0199,KiteDigital-199,Media,40,UK
C0200,ForgeSystems-200,Manufacturing,1500,France
C0201,NovaWorks-201,Fintech,120,Spain
C0202,OrbitGroup-202,Fintech,900,Netherlands
C0203,LumenSystems-203,Logistics,250,Netherlands
C0204,NovaBV-204,SaaS,250,UK
C0205,DeltaSystems-205,Logistics,120,France
C0206,PineWorks-206,Logistics,75,Germany
C0207,LumenWorks-207,Media,120,Belgium
C0208,KiteGroup-208,Healthtech,1500,Spain
C0209,OrbitSystems-209,Retail,15,Belgium
C0210,OrbitDigital-210,Logistics,40,Belgium
C0211,DeltaWorks-211,Retail,900,Spain
C0212,OrbitSystems-212,Retail,120,Belgium
C0213,EchoLabs-213,Healthtech,900,France
C0214,DeltaWorks-214,Retail,250,Netherlands
C0215,PineBV-215,SaaS,15,France
C0216,EchoBV-216,Healthtech,500,Germany
C0217,AtlasWorks-217,Retail,75,Spain
C0218,LumenDigital-218,SaaS,250,Belgium
C0219,NovaWorks-219,Manufacturing,75,Netherlands
C0220,OrbitBV-220,Media,75,Germany
